"ISIC Rev. 4","CPC 2.1","ISIC4partial","CPC21partial"
"0111","01111","1","0"
"0111","01112","1","0"
"0111","01121","1","0"
"0111","01122","1","0"
"0111","01141","1","0"
"0111","01142","1","0"
"0111","01151","1","0"
"0111","01152","1","0"
"0111","01161","1","0"
"0111","01162","1","0"
"0111","01171","1","0"
"0111","01172","1","0"
"0111","01181","1","0"
"0111","01182","1","0"
"0111","01191","1","0"
"0111","01192","1","0"
"0111","01193","1","0"
"0111","01194","1","0"
"0111","01195","1","0"
"0111","01199","1","0"
"0111","01241","1","0"
"0111","01242","1","0"
"0111","01243","1","0"
"0111","01249","1","0"
"0111","01411","1","0"
"0111","01412","1","0"
"0111","01421","1","0"
"0111","01422","1","0"
"0111","01431","1","0"
"0111","01432","1","0"
"0111","01441","1","0"
"0111","01442","1","0"
"0111","01443","1","0"
"0111","01444","1","0"
"0111","01445","1","0"
"0111","01446","1","0"
"0111","01447","1","0"
"0111","01448","1","0"
"0111","01449","1","0"
"0111","01701","1","0"
"0111","01702","1","0"
"0111","01703","1","0"
"0111","01704","1","0"
"0111","01705","1","0"
"0111","01706","1","0"
"0111","01707","1","0"
"0111","01708","1","0"
"0111","01709","1","0"
"0111","01913","1","0"
"0111","86113","1","1"
"0112","01131","1","0"
"0112","01132","1","0"
"0112","86113","1","1"
"0113","01211","1","0"
"0113","01212","1","0"
"0113","01213","1","0"
"0113","01214","1","0"
"0113","01215","1","0"
"0113","01216","1","0"
"0113","01219","1","0"
"0113","01221","1","0"
"0113","01229","1","0"
"0113","01232","1","0"
"0113","01233","1","0"
"0113","01234","1","0"
"0113","01235","1","0"
"0113","01239","1","0"
"0113","01251","1","0"
"0113","01252","1","0"
"0113","01253","1","0"
"0113","01254","1","0"
"0113","01259","1","0"
"0113","01260","1","0"
"0113","01270","1","1"
"0113","01290","1","0"
"0113","01510","1","0"
"0113","01520","1","0"
"0113","01530","1","0"
"0113","01540","1","0"
"0113","01550","1","0"
"0113","01591","1","0"
"0113","01599","1","0"
"0113","01801","1","0"
"0113","01803","1","0"
"0113","86113","1","1"
"0114","01802","0","0"
"0114","86113","1","1"
"0115","01970","0","0"
"0115","86113","1","1"
"0116","01921","1","0"
"0116","01922","1","0"
"0116","01929","1","0"
"0116","86113","1","1"
"0119","01911","1","0"
"0119","01912","1","0"
"0119","01919","1","0"
"0119","01940","1","0"
"0119","01962","1","0"
"0119","01963","1","0"
"0119","01990","1","1"
"0119","86113","1","1"
"0121","01330","0","0"
"0121","86113","1","1"
"0122","01311","1","0"
"0122","01312","1","0"
"0122","01313","1","0"
"0122","01314","1","0"
"0122","01315","1","0"
"0122","01316","1","0"
"0122","01317","1","0"
"0122","01318","1","0"
"0122","01319","1","0"
"0122","86113","1","1"
"0123","01321","1","0"
"0123","01322","1","0"
"0123","01323","1","0"
"0123","01324","1","0"
"0123","01329","1","0"
"0123","86113","1","1"
"0124","01341","1","0"
"0124","01342","1","0"
"0124","01343","1","0"
"0124","01344","1","0"
"0124","01345","1","0"
"0124","01346","1","0"
"0124","01349","1","0"
"0124","86113","1","1"
"0125","01351","1","0"
"0125","01352","1","0"
"0125","01353","1","0"
"0125","01354","1","0"
"0125","01355","1","1"
"0125","01356","1","0"
"0125","01359","1","0"
"0125","01360","1","0"
"0125","01371","1","0"
"0125","01372","1","0"
"0125","01373","1","0"
"0125","01374","1","0"
"0125","01375","1","0"
"0125","01376","1","0"
"0125","01377","1","0"
"0125","01379","1","0"
"0125","01809","1","1"
"0125","86113","1","1"
"0126","01450","1","0"
"0126","01460","1","0"
"0126","01491","1","0"
"0126","01492","1","0"
"0126","01499","1","0"
"0126","86113","1","1"
"0127","01610","1","0"
"0127","01620","1","0"
"0127","01630","1","0"
"0127","01640","1","0"
"0127","86113","1","1"
"0128","01231","1","0"
"0128","01651","1","0"
"0128","01652","1","0"
"0128","01653","1","0"
"0128","01654","1","0"
"0128","01655","1","0"
"0128","01656","1","0"
"0128","01657","1","0"
"0128","01658","1","0"
"0128","01659","1","0"
"0128","01691","1","0"
"0128","01699","1","0"
"0128","01930","1","0"
"0128","86113","1","1"
"0129","01809","1","1"
"0129","01950","1","1"
"0129","01990","1","1"
"0129","03241","1","0"
"0129","03250","1","0"
"0129","86113","1","1"
"0130","01961","0","0"
"0130","86113","0","1"
"0141","02111","1","0"
"0141","02112","1","0"
"0141","02119","1","0"
"0141","02211","1","0"
"0141","02212","1","0"
"0141","02411","1","0"
"0141","02420","1","1"
"0141","02943","1","1"
"0141","34654","1","1"
"0141","86121","1","0"
"0142","02131","1","0"
"0142","02132","1","0"
"0142","02133","1","0"
"0142","02299","1","1"
"0142","02420","1","1"
"0142","34654","1","1"
"0142","86121","1","0"
"0143","02121","1","0"
"0143","02293","1","0"
"0143","02943","1","1"
"0143","34654","1","1"
"0143","86121","1","0"
"0144","02122","1","0"
"0144","02123","1","0"
"0144","02291","1","0"
"0144","02292","1","0"
"0144","02419","1","1"
"0144","02941","1","0"
"0144","02942","1","0"
"0144","02943","1","1"
"0144","34654","1","1"
"0144","86121","1","0"
"0145","02140","1","0"
"0145","02419","1","1"
"0145","34654","1","1"
"0145","86121","1","0"
"0146","02151","1","0"
"0146","02152","1","0"
"0146","02153","1","0"
"0146","02154","1","1"
"0146","02155","1","0"
"0146","02311","1","0"
"0146","02312","1","0"
"0146","02321","1","1"
"0146","02322","1","1"
"0146","34654","1","1"
"0146","86121","1","0"
"0149","02129","1","1"
"0149","02191","1","1"
"0149","02192","1","1"
"0149","02193","1","0"
"0149","02194","1","1"
"0149","02195","1","0"
"0149","02196","1","0"
"0149","02199","1","1"
"0149","02299","1","1"
"0149","02321","1","1"
"0149","02322","1","1"
"0149","02419","1","1"
"0149","02910","1","0"
"0149","02920","1","0"
"0149","02930","1","0"
"0149","02943","1","1"
"0149","02944","1","0"
"0149","34654","1","1"
"0149","86121","1","0"
"0161","86119","0","0"
"0162","86122","0","0"
"0163","86111","0","0"
"0164","86112","0","0"
"0170","02129","1","1"
"0170","02154","1","1"
"0170","02191","1","1"
"0170","02192","1","1"
"0170","02194","1","1"
"0170","02199","1","1"
"0170","02943","1","1"
"0170","86131","0","0"
"0170","86132","1","1"
"0210","03110","1","1"
"0210","03120","1","1"
"0210","86141","1","1"
"0220","03110","1","1"
"0220","03120","1","1"
"0220","03131","1","0"
"0220","03132","1","0"
"0220","34510","1","1"
"0220","86141","1","1"
"0230","01270","1","1"
"0230","01355","1","1"
"0230","01950","1","1"
"0230","03211","1","0"
"0230","03219","1","0"
"0230","03220","1","0"
"0230","03230","1","0"
"0230","03249","1","0"
"0240","86141","1","1"
"0240","86142","1","0"
"0311","04111","1","1"
"0311","04191","1","1"
"0311","04221","1","1"
"0311","04231","1","0"
"0311","04241","1","0"
"0311","04251","1","0"
"0311","04261","1","0"
"0311","04291","1","1"
"0311","04311","1","1"
"0311","04321","1","0"
"0311","04331","1","0"
"0311","04341","1","0"
"0311","04351","1","0"
"0311","04361","1","1"
"0311","04391","1","1"
"0311","04411","1","0"
"0311","04421","1","0"
"0311","04431","1","0"
"0311","04441","1","0"
"0311","04451","1","0"
"0311","04471","1","0"
"0311","04491","1","1"
"0311","04511","1","0"
"0311","04521","1","0"
"0311","04530","1","0"
"0311","04590","1","1"
"0311","04911","1","1"
"0311","04912","1","1"
"0311","04920","1","0"
"0311","04931","1","1"
"0311","04933","1","1"
"0311","38210","1","1"
"0311","86151","1","1"
"0311","86153","1","1"
"0312","04111","1","1"
"0312","04191","1","1"
"0312","04211","1","0"
"0312","04221","1","1"
"0312","04291","1","1"
"0312","04311","1","1"
"0312","04361","1","1"
"0312","04391","1","1"
"0312","04452","1","0"
"0312","04491","1","1"
"0312","04590","1","1"
"0312","04911","1","1"
"0312","04912","1","1"
"0312","04931","1","1"
"0312","04933","1","1"
"0312","86151","1","1"
"0312","86153","1","1"
"0321","04112","1","1"
"0321","04192","1","1"
"0321","04222","1","1"
"0321","04232","1","0"
"0321","04242","1","0"
"0321","04252","1","0"
"0321","04262","1","0"
"0321","04292","1","1"
"0321","04312","1","1"
"0321","04322","1","0"
"0321","04332","1","0"
"0321","04342","1","0"
"0321","04352","1","0"
"0321","04362","1","1"
"0321","04392","1","1"
"0321","04412","1","0"
"0321","04422","1","0"
"0321","04432","1","0"
"0321","04442","1","0"
"0321","04461","1","0"
"0321","04472","1","0"
"0321","04492","1","1"
"0321","04512","1","0"
"0321","04522","1","0"
"0321","04590","1","1"
"0321","04911","1","1"
"0321","04913","1","1"
"0321","04932","1","1"
"0321","04934","1","1"
"0321","38210","1","1"
"0321","86152","1","1"
"0321","86154","1","1"
"0322","02199","1","1"
"0322","04112","1","1"
"0322","04192","1","1"
"0322","04212","1","0"
"0322","04222","1","1"
"0322","04292","1","1"
"0322","04312","1","1"
"0322","04362","1","1"
"0322","04392","1","1"
"0322","04462","1","0"
"0322","04492","1","1"
"0322","04590","1","1"
"0322","04911","1","1"
"0322","04913","1","1"
"0322","04932","1","1"
"0322","04934","1","1"
"0322","86152","1","1"
"0322","86154","1","1"
"0510","11010","0","0"
"0510","86229","1","1"
"0520","11030","0","0"
"0520","86229","1","1"
"0610","12010","1","0"
"0610","12030","1","0"
"0610","86221","1","1"
"0620","12020","1","0"
"0620","86221","1","1"
"0710","14100","0","0"
"0710","86229","1","1"
"0721","13000","0","0"
"0721","86229","1","1"
"0729","14210","1","0"
"0729","14220","1","0"
"0729","14230","1","0"
"0729","14240","1","0"
"0729","14290","1","0"
"0729","86229","1","1"
"0810","15110","1","0"
"0810","15120","1","0"
"0810","15130","1","0"
"0810","15200","1","0"
"0810","15310","1","0"
"0810","15320","1","0"
"0810","15400","1","0"
"0810","16330","1","0"
"0810","86229","1","1"
"0891","16110","1","0"
"0891","16120","1","0"
"0891","16190","1","0"
"0891","34639","1","1"
"0891","34654","1","1"
"0891","86229","1","1"
"0892","11050","0","0"
"0892","86229","1","1"
"0893","16200","0","1"
"0893","86229","1","1"
"0899","15330","1","0"
"0899","16310","1","0"
"0899","16320","1","0"
"0899","16390","1","0"
"0899","86229","1","1"
"0910","86211","0","0"
"0990","86219","0","0"
"1010","02951","1","0"
"1010","02952","1","0"
"1010","02953","1","0"
"1010","02954","1","0"
"1010","02955","1","0"
"1010","02959","1","0"
"1010","21111","1","0"
"1010","21112","1","0"
"1010","21113","1","0"
"1010","21114","1","0"
"1010","21115","1","0"
"1010","21116","1","0"
"1010","21117","1","0"
"1010","21118","1","0"
"1010","21119","1","0"
"1010","21121","1","0"
"1010","21122","1","0"
"1010","21123","1","0"
"1010","21124","1","0"
"1010","21125","1","0"
"1010","21131","1","0"
"1010","21132","1","0"
"1010","21133","1","0"
"1010","21134","1","0"
"1010","21135","1","0"
"1010","21136","1","0"
"1010","21137","1","0"
"1010","21138","1","0"
"1010","21139","1","0"
"1010","21141","1","0"
"1010","21142","1","0"
"1010","21143","1","0"
"1010","21144","1","0"
"1010","21145","1","0"
"1010","21151","1","0"
"1010","21152","1","0"
"1010","21153","1","0"
"1010","21155","1","0"
"1010","21156","1","0"
"1010","21159","1","0"
"1010","21160","1","0"
"1010","21170","1","0"
"1010","21181","1","0"
"1010","21182","1","0"
"1010","21183","1","0"
"1010","21184","1","0"
"1010","21189","1","0"
"1010","21190","1","0"
"1010","21511","1","0"
"1010","21512","1","0"
"1010","21513","1","0"
"1010","21514","1","0"
"1010","21515","1","0"
"1010","21519","1","0"
"1010","21521","1","0"
"1010","21522","1","0"
"1010","88110","1","0"
"1020","21211","1","0"
"1020","21212","1","0"
"1020","21213","1","0"
"1020","21214","1","0"
"1020","21215","1","0"
"1020","21216","1","0"
"1020","21219","1","0"
"1020","21221","1","0"
"1020","21222","1","0"
"1020","21223","1","0"
"1020","21224","1","0"
"1020","21225","1","0"
"1020","21226","1","0"
"1020","21227","1","0"
"1020","21231","1","0"
"1020","21232","1","0"
"1020","21233","1","0"
"1020","21234","1","0"
"1020","21242","1","0"
"1020","21243","1","0"
"1020","21251","1","0"
"1020","21252","1","0"
"1020","21253","1","0"
"1020","21254","1","0"
"1020","21255","1","0"
"1020","21256","1","0"
"1020","21259","1","0"
"1020","21261","1","0"
"1020","21262","1","0"
"1020","21263","1","0"
"1020","21264","1","0"
"1020","21265","1","0"
"1020","21266","1","0"
"1020","21267","1","0"
"1020","21268","1","0"
"1020","21269","1","0"
"1020","21270","1","0"
"1020","21280","1","0"
"1020","21291","1","0"
"1020","21299","1","0"
"1020","88120","1","0"
"1030","21311","1","0"
"1030","21312","1","0"
"1030","21313","1","0"
"1030","21319","1","0"
"1030","21321","1","0"
"1030","21329","1","0"
"1030","21330","1","0"
"1030","21340","1","0"
"1030","21392","1","0"
"1030","21393","1","0"
"1030","21394","1","0"
"1030","21395","1","0"
"1030","21396","1","0"
"1030","21397","1","0"
"1030","21399","1","0"
"1030","21411","1","0"
"1030","21412","1","0"
"1030","21419","1","0"
"1030","21421","1","0"
"1030","21422","1","0"
"1030","21423","1","0"
"1030","21424","1","0"
"1030","21429","1","0"
"1030","21431","1","0"
"1030","21432","1","0"
"1030","21433","1","0"
"1030","21434","1","0"
"1030","21435","1","0"
"1030","21439","1","0"
"1030","21491","1","0"
"1030","21492","1","0"
"1030","21493","1","0"
"1030","21494","1","0"
"1030","21495","1","0"
"1030","21496","1","0"
"1030","21499","1","0"
"1030","88130","1","0"
"1040","02960","1","0"
"1040","21523","1","0"
"1040","21524","1","0"
"1040","21525","1","0"
"1040","21526","1","0"
"1040","21529","1","0"
"1040","21590","1","0"
"1040","21611","1","0"
"1040","21612","1","0"
"1040","21621","1","0"
"1040","21622","1","0"
"1040","21631","1","0"
"1040","21632","1","0"
"1040","21641","1","0"
"1040","21642","1","0"
"1040","21651","1","0"
"1040","21652","1","0"
"1040","21661","1","0"
"1040","21662","1","0"
"1040","21671","1","0"
"1040","21672","1","0"
"1040","21673","1","0"
"1040","21681","1","0"
"1040","21682","1","0"
"1040","21691","1","1"
"1040","21693","1","0"
"1040","21700","1","0"
"1040","21800","1","0"
"1040","21910","1","0"
"1040","21920","1","0"
"1040","21931","1","0"
"1040","21932","1","0"
"1040","88140","1","0"
"1050","22110","1","0"
"1050","22120","1","0"
"1050","22130","1","0"
"1050","22211","1","0"
"1050","22212","1","0"
"1050","22219","1","0"
"1050","22221","1","0"
"1050","22222","1","0"
"1050","22229","1","0"
"1050","22230","1","0"
"1050","22241","1","0"
"1050","22242","1","0"
"1050","22249","1","0"
"1050","22251","1","0"
"1050","22252","1","0"
"1050","22253","1","0"
"1050","22254","1","0"
"1050","22259","1","0"
"1050","22260","1","0"
"1050","22270","1","0"
"1050","22290","1","0"
"1050","23210","1","1"
"1050","88150","1","0"
"1061","23110","1","0"
"1061","23120","1","0"
"1061","23130","1","0"
"1061","23140","1","0"
"1061","23161","1","0"
"1061","23162","1","0"
"1061","23170","1","0"
"1061","23180","1","0"
"1061","88161","1","0"
"1062","21691","1","1"
"1062","23210","1","1"
"1062","23220","1","0"
"1062","23230","1","0"
"1062","88162","1","0"
"1071","23410","1","0"
"1071","23420","1","0"
"1071","23430","1","0"
"1071","23490","1","0"
"1071","88163","1","0"
"1072","23511","1","0"
"1072","23512","1","0"
"1072","23520","1","0"
"1072","23530","1","0"
"1072","23540","1","0"
"1072","88164","1","0"
"1073","23610","1","0"
"1073","23620","1","0"
"1073","23630","1","0"
"1073","23640","1","0"
"1073","23650","1","0"
"1073","23660","1","0"
"1073","23670","1","0"
"1073","88165","1","0"
"1074","23710","1","0"
"1074","23721","1","0"
"1074","88166","1","0"
"1075","21186","1","0"
"1075","21241","1","0"
"1075","21391","1","0"
"1075","23722","1","0"
"1075","23997","1","0"
"1075","88167","1","0"
"1079","16200","1","1"
"1079","21185","1","0"
"1079","22300","1","0"
"1079","23210","1","1"
"1079","23911","1","0"
"1079","23912","1","0"
"1079","23913","1","0"
"1079","23914","1","0"
"1079","23921","1","0"
"1079","23922","1","0"
"1079","23923","1","0"
"1079","23924","1","0"
"1079","23925","1","0"
"1079","23926","1","0"
"1079","23927","1","0"
"1079","23928","1","0"
"1079","23929","1","0"
"1079","23991","1","0"
"1079","23992","1","0"
"1079","23993","1","0"
"1079","23994","1","0"
"1079","23995","1","0"
"1079","23996","1","0"
"1079","23999","1","0"
"1079","88169","1","0"
"1080","23311","1","0"
"1080","23319","1","0"
"1080","23320","1","0"
"1080","88170","1","0"
"1101","24131","1","0"
"1101","24139","1","0"
"1101","88181","1","0"
"1102","24211","1","0"
"1102","24212","1","0"
"1102","24220","1","0"
"1102","24230","1","0"
"1102","88182","1","0"
"1103","24310","1","0"
"1103","24320","1","0"
"1103","88183","1","0"
"1104","24410","1","0"
"1104","24490","1","0"
"1104","88184","1","0"
"1200","25010","1","0"
"1200","25020","1","0"
"1200","25090","1","0"
"1200","88190","1","0"
"1311","26110","1","0"
"1311","26130","1","0"
"1311","26140","1","0"
"1311","26150","1","0"
"1311","26160","1","0"
"1311","26170","1","0"
"1311","26190","1","0"
"1311","26210","1","0"
"1311","26220","1","0"
"1311","26310","1","0"
"1311","26320","1","0"
"1311","26330","1","0"
"1311","26340","1","0"
"1311","26350","1","0"
"1311","26360","1","0"
"1311","26370","1","0"
"1311","26380","1","0"
"1311","26410","1","0"
"1311","26421","1","0"
"1311","26422","1","0"
"1311","26430","1","0"
"1311","26440","1","0"
"1311","26450","1","0"
"1311","26461","1","0"
"1311","26462","1","0"
"1311","88211","1","0"
"1312","26510","1","0"
"1312","26520","1","0"
"1312","26530","1","0"
"1312","26540","1","0"
"1312","26550","1","0"
"1312","26560","1","0"
"1312","26570","1","0"
"1312","26590","1","0"
"1312","26610","1","0"
"1312","26620","1","0"
"1312","26630","1","0"
"1312","26690","1","0"
"1312","26710","1","0"
"1312","26720","1","0"
"1312","26730","1","0"
"1312","26740","1","0"
"1312","26750","1","0"
"1312","26760","1","0"
"1312","26770","1","0"
"1312","26790","1","0"
"1312","26810","1","0"
"1312","26820","1","0"
"1312","26830","1","0"
"1312","26840","1","0"
"1312","26850","1","0"
"1312","26860","1","0"
"1312","26880","1","0"
"1312","26890","1","0"
"1312","88212","1","0"
"1313","88213","0","0"
"1391","28110","1","0"
"1391","28190","1","0"
"1391","88214","1","0"
"1392","27110","1","0"
"1392","27120","1","0"
"1392","27130","1","0"
"1392","27140","1","0"
"1392","27150","1","0"
"1392","27160","1","0"
"1392","27170","1","0"
"1392","27180","1","0"
"1392","27190","1","0"
"1392","88215","1","0"
"1393","27210","1","0"
"1393","27220","1","0"
"1393","27230","1","0"
"1393","27290","1","0"
"1393","88216","1","0"
"1394","27310","1","0"
"1394","27320","1","0"
"1394","88217","1","0"
"1399","27911","1","0"
"1399","27912","1","0"
"1399","27913","1","0"
"1399","27921","1","0"
"1399","27922","1","0"
"1399","27991","1","1"
"1399","27992","1","0"
"1399","27993","1","0"
"1399","27994","1","0"
"1399","27995","1","0"
"1399","27996","1","0"
"1399","27997","1","0"
"1399","27998","1","0"
"1399","27999","1","0"
"1399","88219","1","0"
"1410","28221","1","0"
"1410","28222","1","0"
"1410","28223","1","0"
"1410","28224","1","0"
"1410","28225","1","1"
"1410","28227","1","0"
"1410","28228","1","0"
"1410","28229","1","0"
"1410","28231","1","0"
"1410","28232","1","0"
"1410","28233","1","0"
"1410","28234","1","0"
"1410","28235","1","0"
"1410","28236","1","0"
"1410","28237","1","0"
"1410","28238","1","0"
"1410","28241","1","0"
"1410","28242","1","0"
"1410","28243","1","1"
"1410","28250","1","0"
"1410","28261","1","0"
"1410","28262","1","0"
"1410","28269","1","0"
"1410","88221","1","0"
"1420","28320","1","0"
"1420","28330","1","0"
"1420","88222","1","0"
"1430","28210","1","0"
"1430","28225","1","1"
"1430","28226","1","0"
"1430","88223","1","0"
"1511","28310","1","0"
"1511","29110","1","0"
"1511","29120","1","0"
"1511","29130","1","0"
"1511","88231","1","0"
"1512","29210","1","0"
"1512","29220","1","0"
"1512","29230","1","0"
"1512","29290","1","0"
"1512","38921","1","1"
"1512","88232","1","0"
"1520","29310","1","0"
"1520","29320","1","0"
"1520","29330","1","0"
"1520","29340","1","0"
"1520","29420","1","0"
"1520","29490","1","0"
"1520","29510","1","0"
"1520","29520","1","0"
"1520","29600","1","1"
"1520","88233","1","0"
"1610","31101","1","0"
"1610","31102","1","0"
"1610","31109","1","0"
"1610","31211","1","0"
"1610","31212","1","0"
"1610","31219","1","0"
"1610","31220","1","0"
"1610","31230","1","0"
"1610","31310","1","0"
"1610","31320","1","0"
"1610","31330","1","0"
"1610","88311","1","0"
"1621","31411","1","0"
"1621","31412","1","0"
"1621","31421","1","0"
"1621","31422","1","0"
"1621","31431","1","0"
"1621","31432","1","0"
"1621","31439","1","0"
"1621","31441","1","0"
"1621","31442","1","0"
"1621","31449","1","0"
"1621","31450","1","0"
"1621","31511","1","0"
"1621","31512","1","0"
"1621","31520","1","0"
"1621","88312","1","0"
"1622","31600","1","0"
"1622","38701","1","0"
"1622","88313","1","0"
"1623","31700","1","0"
"1623","88314","1","0"
"1629","29600","1","1"
"1629","31911","1","0"
"1629","31912","1","0"
"1629","31913","1","0"
"1629","31914","1","0"
"1629","31921","1","0"
"1629","31922","1","0"
"1629","31923","1","0"
"1629","88319","1","0"
"1701","32111","1","0"
"1701","32112","1","0"
"1701","32113","1","0"
"1701","32121","1","0"
"1701","32122","1","0"
"1701","32129","1","0"
"1701","32131","1","0"
"1701","32132","1","0"
"1701","32133","1","0"
"1701","32134","1","0"
"1701","32135","1","0"
"1701","32136","1","0"
"1701","32137","1","0"
"1701","32141","1","0"
"1701","32142","1","0"
"1701","32143","1","0"
"1701","32149","1","0"
"1701","88321","1","0"
"1702","32151","1","0"
"1702","32152","1","0"
"1702","32153","1","0"
"1702","88322","1","0"
"1709","27991","1","1"
"1709","32191","1","0"
"1709","32192","1","0"
"1709","32193","1","0"
"1709","32194","1","0"
"1709","32195","1","0"
"1709","32196","1","0"
"1709","32197","1","0"
"1709","32198","1","0"
"1709","32199","1","0"
"1709","32700","1","0"
"1709","88329","1","0"
"1811","32690","1","0"
"1811","89121","1","0"
"1812","32800","1","0"
"1812","89122","1","0"
"1820","89123","0","0"
"1910","33100","1","0"
"1910","33200","1","0"
"1910","88411","1","0"
"1920","11020","1","0"
"1920","11040","1","0"
"1920","33311","1","0"
"1920","33312","1","0"
"1920","33320","1","0"
"1920","33330","1","0"
"1920","33342","1","0"
"1920","33349","1","0"
"1920","33350","1","0"
"1920","33360","1","0"
"1920","33370","1","0"
"1920","33380","1","0"
"1920","33390","1","0"
"1920","33410","1","0"
"1920","33421","1","0"
"1920","33429","1","0"
"1920","33500","1","0"
"1920","88412","1","0"
"2011","24110","1","0"
"2011","33610","1","0"
"2011","33620","1","0"
"2011","33630","1","0"
"2011","33690","1","0"
"2011","33710","1","0"
"2011","34110","1","0"
"2011","34120","1","0"
"2011","34131","1","0"
"2011","34139","1","0"
"2011","34140","1","0"
"2011","34150","1","0"
"2011","34160","1","0"
"2011","34170","1","0"
"2011","34180","1","0"
"2011","34210","1","0"
"2011","34220","1","0"
"2011","34231","1","0"
"2011","34232","1","0"
"2011","34240","1","0"
"2011","34250","1","0"
"2011","34260","1","0"
"2011","34270","1","0"
"2011","34280","1","0"
"2011","34290","1","0"
"2011","34310","1","0"
"2011","34320","1","0"
"2011","34330","1","0"
"2011","34340","1","0"
"2011","34400","1","0"
"2011","34510","1","1"
"2011","34520","1","0"
"2011","34530","1","0"
"2011","34540","1","0"
"2011","34570","1","1"
"2011","88421","1","0"
"2012","34233","1","0"
"2012","34611","1","0"
"2012","34612","1","0"
"2012","34613","1","0"
"2012","34614","1","0"
"2012","34615","1","0"
"2012","34616","1","0"
"2012","34619","1","0"
"2012","34621","1","0"
"2012","34629","1","0"
"2012","34631","1","0"
"2012","34632","1","0"
"2012","34639","1","1"
"2012","34641","1","0"
"2012","34642","1","0"
"2012","34643","1","0"
"2012","34644","1","0"
"2012","34645","1","0"
"2012","34646","1","0"
"2012","34649","1","0"
"2012","34651","1","0"
"2012","34652","1","0"
"2012","34653","1","0"
"2012","34659","1","0"
"2012","88422","1","0"
"2013","34710","1","0"
"2013","34720","1","0"
"2013","34730","1","0"
"2013","34740","1","0"
"2013","34790","1","0"
"2013","34800","1","0"
"2013","88423","1","0"
"2021","34661","1","0"
"2021","34662","1","0"
"2021","34663","1","0"
"2021","34664","1","0"
"2021","34666","1","0"
"2021","34669","1","0"
"2021","88424","1","0"
"2022","35110","1","0"
"2022","35120","1","0"
"2022","35130","1","0"
"2022","88425","1","0"
"2023","34570","1","1"
"2023","35310","1","0"
"2023","35321","1","0"
"2023","35322","1","0"
"2023","35323","1","0"
"2023","35331","1","0"
"2023","35332","1","0"
"2023","35333","1","0"
"2023","35334","1","0"
"2023","88426","1","0"
"2029","34550","1","0"
"2029","35140","1","0"
"2029","35410","1","0"
"2029","35420","1","0"
"2029","35430","1","0"
"2029","35440","1","1"
"2029","35450","1","0"
"2029","35460","1","0"
"2029","35470","1","0"
"2029","35491","1","0"
"2029","35499","1","0"
"2029","38998","1","0"
"2029","48341","1","0"
"2029","48342","1","0"
"2029","88427","1","0"
"2030","35510","1","0"
"2030","35520","1","0"
"2030","35530","1","0"
"2030","35540","1","0"
"2030","35550","1","0"
"2030","35560","1","0"
"2030","88429","1","0"
"2100","35210","1","0"
"2100","35220","1","0"
"2100","35230","1","0"
"2100","35240","1","0"
"2100","35250","1","0"
"2100","35260","1","0"
"2100","35270","1","0"
"2100","88430","1","0"
"2211","36111","1","0"
"2211","36112","1","0"
"2211","36113","1","0"
"2211","36114","1","0"
"2211","36115","1","0"
"2211","36120","1","0"
"2211","88511","1","0"
"2219","29600","1","1"
"2219","36220","1","0"
"2219","36230","1","0"
"2219","36240","1","0"
"2219","36250","1","0"
"2219","36260","1","0"
"2219","36270","1","0"
"2219","36972","1","1"
"2219","88512","1","0"
"2220","28243","1","1"
"2220","29600","1","1"
"2220","36310","1","0"
"2220","36320","1","0"
"2220","36330","1","0"
"2220","36390","1","0"
"2220","36410","1","0"
"2220","36490","1","0"
"2220","36910","1","0"
"2220","36920","1","0"
"2220","36930","1","0"
"2220","36940","1","0"
"2220","36950","1","0"
"2220","36960","1","0"
"2220","36972","1","1"
"2220","36980","1","0"
"2220","36990","1","0"
"2220","38703","1","0"
"2220","38930","1","0"
"2220","88520","1","0"
"2220","89200","1","0"
"2310","37111","1","0"
"2310","37112","1","0"
"2310","37113","1","0"
"2310","37114","1","0"
"2310","37115","1","0"
"2310","37116","1","0"
"2310","37117","1","0"
"2310","37121","1","0"
"2310","37129","1","0"
"2310","37191","1","0"
"2310","37192","1","0"
"2310","37193","1","0"
"2310","37194","1","0"
"2310","37195","1","0"
"2310","37196","1","0"
"2310","37197","1","0"
"2310","37199","1","0"
"2310","88531","1","0"
"2391","37320","1","0"
"2391","37330","1","0"
"2391","37340","1","0"
"2391","88532","1","0"
"2392","37210","1","0"
"2392","37310","1","0"
"2392","37350","1","0"
"2392","37360","1","0"
"2392","37370","1","0"
"2392","88533","1","0"
"2393","37221","1","0"
"2393","37222","1","0"
"2393","37291","1","0"
"2393","37292","1","0"
"2393","37299","1","0"
"2393","46932","1","0"
"2393","88534","1","0"
"2394","37410","1","0"
"2394","37420","1","0"
"2394","37430","1","0"
"2394","37440","1","0"
"2394","37450","1","0"
"2394","88535","1","0"
"2395","37510","1","0"
"2395","37520","1","0"
"2395","37530","1","0"
"2395","37540","1","0"
"2395","37550","1","0"
"2395","37560","1","0"
"2395","37570","1","0"
"2395","38704","1","0"
"2395","88536","1","0"
"2396","37610","1","0"
"2396","37690","1","0"
"2396","88537","1","0"
"2399","34560","1","0"
"2399","37910","1","0"
"2399","37920","1","0"
"2399","37930","1","0"
"2399","37940","1","0"
"2399","37950","1","0"
"2399","37960","1","0"
"2399","37990","1","0"
"2399","88539","1","0"
"2410","41111","1","0"
"2410","41112","1","0"
"2410","41113","1","0"
"2410","41114","1","0"
"2410","41115","1","0"
"2410","41116","1","0"
"2410","41117","1","0"
"2410","41121","1","0"
"2410","41122","1","0"
"2410","41211","1","0"
"2410","41212","1","0"
"2410","41213","1","0"
"2410","41214","1","0"
"2410","41221","1","0"
"2410","41222","1","0"
"2410","41223","1","0"
"2410","41224","1","0"
"2410","41231","1","0"
"2410","41232","1","0"
"2410","41233","1","0"
"2410","41234","1","0"
"2410","41239","1","0"
"2410","41241","1","0"
"2410","41242","1","0"
"2410","41243","1","0"
"2410","41244","1","0"
"2410","41251","1","0"
"2410","41252","1","0"
"2410","41253","1","0"
"2410","41261","1","0"
"2410","41262","1","0"
"2410","41263","1","0"
"2410","41264","1","0"
"2410","41265","1","0"
"2410","41266","1","0"
"2410","41267","1","0"
"2410","41271","1","0"
"2410","41272","1","0"
"2410","41273","1","0"
"2410","41285","1","0"
"2410","41286","1","0"
"2410","41287","1","0"
"2410","41288","1","0"
"2410","41289","1","0"
"2410","88601","1","0"
"2420","41310","1","0"
"2420","41320","1","0"
"2420","41330","1","0"
"2420","41340","1","0"
"2420","41350","1","0"
"2420","41411","1","0"
"2420","41412","1","0"
"2420","41413","1","0"
"2420","41421","1","0"
"2420","41422","1","0"
"2420","41431","1","0"
"2420","41432","1","0"
"2420","41441","1","0"
"2420","41442","1","0"
"2420","41443","1","0"
"2420","41511","1","0"
"2420","41512","1","0"
"2420","41513","1","0"
"2420","41514","1","0"
"2420","41515","1","0"
"2420","41516","1","0"
"2420","41521","1","0"
"2420","41522","1","0"
"2420","41523","1","0"
"2420","41524","1","0"
"2420","41531","1","0"
"2420","41532","1","0"
"2420","41533","1","0"
"2420","41534","1","0"
"2420","41535","1","0"
"2420","41536","1","0"
"2420","41542","1","0"
"2420","41544","1","0"
"2420","41545","1","0"
"2420","41547","1","0"
"2420","41601","1","0"
"2420","41602","1","0"
"2420","41603","1","0"
"2420","41604","1","0"
"2420","88602","1","0"
"2431","41281","1","0"
"2431","41282","1","0"
"2431","41283","1","0"
"2431","41284","1","0"
"2431","41291","1","0"
"2431","41292","1","0"
"2431","41293","1","0"
"2431","89310","1","0"
"2432","89320","0","0"
"2511","38702","1","0"
"2511","42110","1","0"
"2511","42120","1","0"
"2511","42190","1","0"
"2511","88711","1","0"
"2512","42210","1","0"
"2512","42220","1","0"
"2512","44823","1","0"
"2512","44825","1","0"
"2512","44833","1","0"
"2512","88712","1","0"
"2513","42310","1","0"
"2513","42320","1","0"
"2513","42330","1","0"
"2513","42341","1","0"
"2513","42342","1","0"
"2513","88713","1","0"
"2520","44720","1","0"
"2520","44730","1","0"
"2520","44740","1","0"
"2520","44760","1","0"
"2520","88720","1","0"
"2591","89330","0","0"
"2592","88731","1","0"
"2592","88732","1","0"
"2593","42913","1","0"
"2593","42914","1","0"
"2593","42915","1","0"
"2593","42916","1","0"
"2593","42921","1","0"
"2593","42922","1","0"
"2593","42992","1","0"
"2593","44750","1","0"
"2593","44916","1","0"
"2593","88733","1","0"
"2599","42911","1","0"
"2599","42912","1","1"
"2599","42931","1","0"
"2599","42932","1","0"
"2599","42941","1","0"
"2599","42942","1","0"
"2599","42943","1","0"
"2599","42944","1","0"
"2599","42945","1","0"
"2599","42946","1","0"
"2599","42950","1","0"
"2599","42991","1","0"
"2599","42993","1","0"
"2599","42994","1","0"
"2599","42995","1","0"
"2599","42996","1","0"
"2599","42997","1","0"
"2599","42998","1","0"
"2599","42999","1","0"
"2599","46931","1","0"
"2599","49540","1","1"
"2599","88739","1","0"
"2610","45281","1","0"
"2610","46215","1","0"
"2610","47110","1","1"
"2610","47120","1","1"
"2610","47130","1","0"
"2610","47140","1","0"
"2610","47150","1","0"
"2610","47160","1","0"
"2610","47171","1","1"
"2610","47172","1","1"
"2610","47173","1","0"
"2610","47223","1","1"
"2610","47920","1","0"
"2610","48315","1","1"
"2610","48354","1","1"
"2610","88741","1","0"
"2620","45142","1","0"
"2620","45180","1","1"
"2620","45220","1","0"
"2620","45230","1","0"
"2620","45240","1","0"
"2620","45250","1","0"
"2620","45261","1","0"
"2620","45262","1","0"
"2620","45263","1","0"
"2620","45264","1","0"
"2620","45265","1","0"
"2620","45266","1","0"
"2620","45269","1","0"
"2620","45271","1","0"
"2620","45272","1","0"
"2620","45289","1","0"
"2620","45290","1","0"
"2620","47315","1","0"
"2620","47550","1","0"
"2620","88742","1","0"
"2630","46921","1","0"
"2630","46960","1","1"
"2630","47211","1","0"
"2630","47212","1","0"
"2630","47213","1","0"
"2630","47221","1","0"
"2630","47222","1","0"
"2630","47223","1","1"
"2630","47401","1","0"
"2630","47403","1","1"
"2630","88743","1","0"
"2640","38581","1","0"
"2640","47214","1","0"
"2640","47311","1","0"
"2640","47312","1","0"
"2640","47313","1","0"
"2640","47314","1","0"
"2640","47321","1","0"
"2640","47323","1","0"
"2640","47330","1","0"
"2640","47402","1","0"
"2640","47403","1","1"
"2640","88744","1","0"
"2651","47403","1","1"
"2651","48211","1","0"
"2651","48212","1","0"
"2651","48219","1","0"
"2651","48220","1","0"
"2651","48231","1","0"
"2651","48233","1","0"
"2651","48241","1","0"
"2651","48242","1","0"
"2651","48243","1","0"
"2651","48244","1","0"
"2651","48249","1","0"
"2651","48251","1","0"
"2651","48252","1","0"
"2651","48253","1","0"
"2651","48261","1","0"
"2651","48262","1","0"
"2651","48263","1","0"
"2651","48264","1","0"
"2651","48266","1","0"
"2651","48269","1","0"
"2651","48281","1","0"
"2651","48282","1","0"
"2651","48283","1","0"
"2651","48284","1","0"
"2651","48285","1","0"
"2651","88745","1","0"
"2652","48410","1","0"
"2652","48420","1","0"
"2652","48430","1","0"
"2652","48440","1","0"
"2652","48490","1","1"
"2652","88746","1","0"
"2660","48110","1","0"
"2660","48121","1","0"
"2660","48122","1","0"
"2660","48172","1","0"
"2660","88747","1","0"
"2670","47215","1","0"
"2670","48311","1","1"
"2670","48314","1","0"
"2670","48315","1","1"
"2670","48321","1","0"
"2670","48322","1","0"
"2670","48323","1","0"
"2670","48329","1","0"
"2670","48351","1","0"
"2670","48353","1","0"
"2670","48354","1","1"
"2670","88748","1","0"
"2680","47530","1","0"
"2680","47540","1","0"
"2680","47910","1","0"
"2680","88749","1","0"
"2710","46111","1","0"
"2710","46112","1","0"
"2710","46113","1","0"
"2710","46121","1","0"
"2710","46122","1","1"
"2710","46131","1","0"
"2710","46132","1","0"
"2710","46211","1","0"
"2710","46212","1","0"
"2710","46213","1","0"
"2710","46214","1","0"
"2710","46220","1","0"
"2710","88751","1","0"
"2720","46410","1","0"
"2720","46420","1","0"
"2720","46430","1","0"
"2720","88752","1","0"
"2731","46360","1","0"
"2731","48311","1","1"
"2731","88753","1","0"
"2732","46310","1","0"
"2732","46320","1","0"
"2732","46330","1","1"
"2732","46340","1","0"
"2732","46350","1","0"
"2732","88754","1","0"
"2733","46940","1","1"
"2733","88755","1","0"
"2740","46510","1","0"
"2740","46531","1","0"
"2740","46532","1","0"
"2740","46539","1","0"
"2740","46541","1","0"
"2740","46542","1","0"
"2740","46910","1","1"
"2740","46960","1","1"
"2740","88756","1","0"
"2750","42912","1","1"
"2750","44811","1","0"
"2750","44812","1","0"
"2750","44813","1","0"
"2750","44815","1","0"
"2750","44816","1","0"
"2750","44817","1","0"
"2750","44818","1","0"
"2750","44821","1","0"
"2750","44822","1","0"
"2750","44824","1","0"
"2750","44831","1","0"
"2750","44832","1","0"
"2750","88757","1","0"
"2790","44241","1","1"
"2790","44255","1","1"
"2790","46122","1","1"
"2790","46929","1","0"
"2790","46939","1","0"
"2790","46940","1","1"
"2790","46950","1","0"
"2790","46960","1","1"
"2790","47110","1","1"
"2790","47120","1","1"
"2790","47171","1","1"
"2790","47172","1","1"
"2790","88759","1","0"
"2811","43110","1","0"
"2811","43141","1","0"
"2811","43142","1","0"
"2811","43143","1","0"
"2811","43153","1","0"
"2811","43154","1","0"
"2811","43156","1","0"
"2811","88761","1","0"
"2812","43211","1","0"
"2812","43219","1","0"
"2812","43251","1","0"
"2812","88762","1","0"
"2813","43220","1","0"
"2813","43230","1","0"
"2813","43240","1","0"
"2813","43252","1","0"
"2813","43253","1","0"
"2813","43254","1","0"
"2813","88763","1","0"
"2814","43310","1","0"
"2814","43320","1","0"
"2814","43331","1","0"
"2814","43332","1","0"
"2814","88764","1","0"
"2815","43410","1","0"
"2815","43420","1","1"
"2815","43430","1","0"
"2815","88765","1","0"
"2816","43510","1","0"
"2816","43520","1","0"
"2816","43530","1","0"
"2816","43540","1","0"
"2816","43550","1","0"
"2816","43560","1","0"
"2816","43570","1","0"
"2816","43580","1","0"
"2816","49930","1","1"
"2816","88766","1","0"
"2817","44917","1","0"
"2817","44922","1","1"
"2817","45110","1","0"
"2817","45130","1","0"
"2817","45141","1","0"
"2817","45150","1","0"
"2817","45160","1","0"
"2817","45170","1","0"
"2817","45180","1","1"
"2817","88767","1","0"
"2818","44231","1","0"
"2818","44232","1","0"
"2818","44253","1","0"
"2818","88768","1","0"
"2819","43911","1","0"
"2819","43912","1","0"
"2819","43913","1","0"
"2819","43914","1","0"
"2819","43915","1","0"
"2819","43921","1","0"
"2819","43922","1","0"
"2819","43923","1","0"
"2819","43924","1","0"
"2819","43931","1","0"
"2819","43932","1","0"
"2819","43933","1","0"
"2819","43934","1","0"
"2819","43935","1","0"
"2819","43941","1","0"
"2819","43942","1","0"
"2819","43943","1","0"
"2819","43944","1","0"
"2819","43949","1","0"
"2819","44242","1","0"
"2819","44256","1","0"
"2819","44826","1","0"
"2819","48232","1","0"
"2819","88769","1","0"
"2821","44111","1","0"
"2821","44112","1","0"
"2821","44113","1","0"
"2821","44114","1","0"
"2821","44115","1","0"
"2821","44119","1","0"
"2821","44121","1","0"
"2821","44122","1","0"
"2821","44123","1","0"
"2821","44124","1","0"
"2821","44125","1","0"
"2821","44126","1","0"
"2821","44127","1","0"
"2821","44129","1","0"
"2821","44131","1","0"
"2821","44139","1","1"
"2821","44141","1","0"
"2821","44149","1","0"
"2821","44150","1","0"
"2821","44160","1","0"
"2821","44192","1","0"
"2821","44193","1","0"
"2821","44194","1","0"
"2821","44198","1","0"
"2821","44199","1","0"
"2821","49232","1","1"
"2821","88771","1","0"
"2822","44211","1","0"
"2822","44212","1","0"
"2822","44213","1","0"
"2822","44214","1","0"
"2822","44215","1","0"
"2822","44216","1","0"
"2822","44217","1","0"
"2822","44218","1","0"
"2822","44221","1","0"
"2822","44222","1","0"
"2822","44241","1","1"
"2822","44251","1","0"
"2822","44252","1","0"
"2822","44255","1","1"
"2822","88772","1","0"
"2823","44310","1","0"
"2823","44320","1","0"
"2823","88773","1","0"
"2824","44142","1","0"
"2824","44411","1","0"
"2824","44412","1","0"
"2824","44421","1","0"
"2824","44422","1","0"
"2824","44423","1","0"
"2824","44424","1","0"
"2824","44425","1","0"
"2824","44426","1","0"
"2824","44427","1","0"
"2824","44428","1","0"
"2824","44429","1","0"
"2824","44430","1","0"
"2824","44440","1","0"
"2824","44461","1","0"
"2824","44462","1","0"
"2824","88774","1","0"
"2825","44128","1","0"
"2825","44132","1","0"
"2825","44139","1","1"
"2825","44191","1","0"
"2825","44511","1","0"
"2825","44513","1","0"
"2825","44515","1","0"
"2825","44516","1","0"
"2825","44517","1","0"
"2825","44518","1","0"
"2825","44522","1","0"
"2825","44523","1","0"
"2825","88775","1","0"
"2826","44611","1","0"
"2826","44612","1","0"
"2826","44613","1","0"
"2826","44614","1","0"
"2826","44621","1","0"
"2826","44622","1","0"
"2826","44629","1","0"
"2826","44630","1","0"
"2826","44640","1","0"
"2826","44814","1","0"
"2826","44911","1","0"
"2826","88776","1","0"
"2829","38600","1","0"
"2829","43134","1","0"
"2829","44912","1","0"
"2829","44913","1","0"
"2829","44914","1","0"
"2829","44915","1","0"
"2829","44918","1","0"
"2829","44919","1","0"
"2829","44921","1","0"
"2829","44922","1","1"
"2829","44923","1","0"
"2829","44929","1","0"
"2829","88779","1","0"
"2910","43121","1","0"
"2910","43122","1","0"
"2910","43123","1","0"
"2910","49111","1","0"
"2910","49112","1","0"
"2910","49113","1","0"
"2910","49114","1","0"
"2910","49115","1","0"
"2910","49116","1","0"
"2910","49119","1","0"
"2910","49121","1","0"
"2910","88811","1","0"
"2920","49210","1","0"
"2920","49221","1","0"
"2920","49222","1","0"
"2920","49229","1","0"
"2920","88812","1","0"
"2930","38111","1","1"
"2930","43151","1","0"
"2930","46330","1","1"
"2930","46910","1","1"
"2930","46960","1","1"
"2930","49129","1","0"
"2930","49231","1","0"
"2930","49232","1","1"
"2930","88813","1","0"
"3011","49311","1","0"
"3011","49312","1","0"
"3011","49313","1","0"
"3011","49314","1","0"
"3011","49315","1","0"
"3011","49316","1","0"
"3011","49319","1","0"
"3011","49320","1","0"
"3011","49390","1","0"
"3011","88821","1","0"
"3012","49410","1","0"
"3012","49490","1","0"
"3012","88822","1","0"
"3020","38111","1","1"
"3020","49511","1","0"
"3020","49512","1","0"
"3020","49519","1","0"
"3020","49520","1","0"
"3020","49531","1","0"
"3020","49532","1","0"
"3020","49533","1","0"
"3020","49540","1","1"
"3020","88823","1","0"
"3030","38111","1","1"
"3030","43131","1","0"
"3030","43132","1","0"
"3030","43133","1","0"
"3030","43152","1","0"
"3030","43155","1","0"
"3030","49610","1","0"
"3030","49621","1","0"
"3030","49622","1","0"
"3030","49623","1","0"
"3030","49630","1","0"
"3030","49640","1","0"
"3030","88824","1","0"
"3040","44710","1","0"
"3040","88825","1","0"
"3091","49911","1","0"
"3091","49912","1","0"
"3091","49913","1","0"
"3091","49941","1","0"
"3091","88826","1","0"
"3092","38992","1","0"
"3092","49921","1","0"
"3092","49922","1","0"
"3092","49942","1","0"
"3092","88827","1","0"
"3099","49930","1","1"
"3099","88829","1","0"
"3100","38111","1","1"
"3100","38112","1","0"
"3100","38119","1","0"
"3100","38121","1","0"
"3100","38122","1","0"
"3100","38130","1","0"
"3100","38140","1","0"
"3100","38150","1","0"
"3100","38160","1","0"
"3100","88901","1","0"
"3211","38220","1","0"
"3211","38230","1","0"
"3211","38240","1","0"
"3211","38250","1","0"
"3211","48490","1","1"
"3211","88902","1","0"
"3212","38997","1","0"
"3212","48490","1","1"
"3212","88903","1","0"
"3220","38310","1","0"
"3220","38320","1","0"
"3220","38330","1","0"
"3220","38340","1","0"
"3220","38350","1","0"
"3220","38360","1","0"
"3220","88904","1","0"
"3230","29410","1","0"
"3230","38410","1","0"
"3230","38420","1","0"
"3230","38430","1","0"
"3230","38440","1","0"
"3230","38450","1","0"
"3230","88905","1","0"
"3240","38510","1","0"
"3240","38520","1","0"
"3240","38530","1","0"
"3240","38540","1","0"
"3240","38550","1","0"
"3240","38560","1","0"
"3240","38570","1","0"
"3240","38590","1","0"
"3240","88906","1","0"
"3250","35290","1","0"
"3250","35440","1","1"
"3250","43420","1","1"
"3250","48130","1","0"
"3250","48140","1","0"
"3250","48150","1","0"
"3250","48160","1","0"
"3250","48171","1","0"
"3250","48180","1","0"
"3250","48312","1","0"
"3250","48313","1","0"
"3250","48352","1","0"
"3250","88907","1","0"
"3290","32512","1","0"
"3290","36971","1","0"
"3290","38911","1","0"
"3290","38912","1","0"
"3290","38921","1","1"
"3290","38922","1","0"
"3290","38923","1","0"
"3290","38924","1","0"
"3290","38971","1","0"
"3290","38972","1","0"
"3290","38991","1","0"
"3290","38993","1","0"
"3290","38994","1","0"
"3290","38995","1","0"
"3290","38996","1","0"
"3290","38999","1","0"
"3290","47590","1","0"
"3290","88909","1","0"
"3311","87110","0","0"
"3312","87120","1","0"
"3312","87156","1","0"
"3313","87154","1","0"
"3313","87290","1","1"
"3314","87152","0","0"
"3315","87149","0","0"
"3319","87159","0","0"
"3320","54619","1","1"
"3320","87310","1","0"
"3320","87320","1","0"
"3320","87331","1","0"
"3320","87333","1","0"
"3320","87340","1","0"
"3320","87350","1","0"
"3320","87360","1","0"
"3320","87390","1","1"
"3510","17100","1","0"
"3510","33720","1","0"
"3510","69111","1","0"
"3510","69112","1","0"
"3510","86311","1","0"
"3510","86312","1","0"
"3520","17200","1","0"
"3520","69120","1","0"
"3520","86320","1","0"
"3530","17300","1","0"
"3530","17400","1","0"
"3530","69220","1","0"
"3530","86340","1","0"
"3600","18000","1","0"
"3600","69210","1","0"
"3600","69230","1","0"
"3600","86330","1","0"
"3600","86350","1","0"
"3700","94110","1","0"
"3700","94120","1","0"
"3811","94221","1","0"
"3811","94229","1","0"
"3811","94231","1","0"
"3811","94239","1","0"
"3811","94313","1","0"
"3811","94319","1","0"
"3812","94211","1","0"
"3812","94212","1","0"
"3812","94219","1","0"
"3812","94311","1","0"
"3821","94331","1","0"
"3821","94332","1","0"
"3821","94333","1","0"
"3821","94339","1","0"
"3822","94321","1","0"
"3822","94322","1","0"
"3830","36210","1","0"
"3830","89410","1","0"
"3830","89420","1","0"
"3830","94312","1","0"
"3900","94411","1","0"
"3900","94412","1","0"
"3900","94413","1","0"
"3900","94420","1","0"
"3900","94430","1","0"
"3900","94490","1","0"
"3900","94900","1","0"
"4100","53111","1","0"
"4100","53112","1","0"
"4100","53121","1","0"
"4100","53122","1","0"
"4100","53129","1","0"
"4100","54111","1","0"
"4100","54112","1","0"
"4100","54121","1","0"
"4100","54122","1","0"
"4100","54129","1","0"
"4100","54400","1","0"
"4210","53211","1","0"
"4210","53212","1","0"
"4210","53213","1","0"
"4210","53221","1","0"
"4210","53222","1","0"
"4210","54211","1","0"
"4210","54212","1","0"
"4210","54213","1","0"
"4210","54221","1","0"
"4210","54222","1","0"
"4220","53231","1","0"
"4220","53234","1","0"
"4220","53241","1","0"
"4220","53242","1","0"
"4220","53251","1","0"
"4220","53252","1","0"
"4220","53253","1","0"
"4220","53262","1","0"
"4220","54231","1","0"
"4220","54234","1","0"
"4220","54241","1","0"
"4220","54242","1","0"
"4220","54251","1","0"
"4220","54252","1","0"
"4220","54253","1","0"
"4220","54262","1","0"
"4220","54341","1","0"
"4220","54342","1","0"
"4290","53232","1","0"
"4290","53233","1","0"
"4290","53261","1","0"
"4290","53269","1","0"
"4290","53270","1","0"
"4290","53290","1","0"
"4290","54232","1","0"
"4290","54233","1","0"
"4290","54261","1","0"
"4290","54269","1","0"
"4290","54270","1","0"
"4290","54290","1","0"
"4311","54310","0","0"
"4312","54320","1","0"
"4312","54330","1","0"
"4321","54611","1","0"
"4321","54612","1","0"
"4321","54613","1","0"
"4321","54614","1","0"
"4321","54619","1","1"
"4322","54621","1","0"
"4322","54622","1","0"
"4322","54631","1","0"
"4322","54632","1","0"
"4322","54640","1","0"
"4329","54650","1","0"
"4329","54691","1","0"
"4329","87157","1","0"
"4330","54699","1","0"
"4330","54710","1","0"
"4330","54720","1","0"
"4330","54730","1","0"
"4330","54740","1","0"
"4330","54750","1","0"
"4330","54760","1","0"
"4330","54770","1","0"
"4330","54790","1","0"
"4390","54511","1","0"
"4390","54512","1","0"
"4390","54521","1","0"
"4390","54522","1","0"
"4390","54530","1","0"
"4390","54540","1","0"
"4390","54550","1","0"
"4390","54560","1","0"
"4390","54570","1","0"
"4390","54590","1","0"
"4520","87141","1","0"
"4520","87143","1","0"
"4540","87142","0","0"
"4911","64131","1","0"
"4911","64210","1","0"
"4912","65121","1","0"
"4912","65122","1","0"
"4912","65123","1","0"
"4912","65124","1","0"
"4912","65125","1","0"
"4912","65126","1","0"
"4912","65129","1","0"
"4921","64111","1","0"
"4921","64112","1","0"
"4921","64113","1","0"
"4922","64114","1","0"
"4922","64115","1","0"
"4922","64116","1","0"
"4922","64117","1","0"
"4922","64118","1","0"
"4922","64119","1","0"
"4922","64132","1","0"
"4922","64221","1","0"
"4922","64222","1","0"
"4922","64223","1","0"
"4922","66011","1","0"
"4923","65111","1","0"
"4923","65112","1","0"
"4923","65113","1","0"
"4923","65114","1","0"
"4923","65115","1","0"
"4923","65116","1","0"
"4923","65117","1","0"
"4923","65118","1","0"
"4923","65119","1","0"
"4923","66012","1","0"
"4930","65131","1","0"
"4930","65139","1","0"
"5011","64133","1","1"
"5011","64231","1","0"
"5011","64232","1","0"
"5011","64239","1","0"
"5011","66021","1","0"
"5012","65211","1","0"
"5012","65212","1","0"
"5012","65213","1","0"
"5012","65219","1","0"
"5012","66022","1","0"
"5021","64121","1","0"
"5021","64122","1","0"
"5021","64129","1","0"
"5021","64133","1","1"
"5021","66023","1","0"
"5022","65221","1","0"
"5022","65222","1","0"
"5022","65229","1","0"
"5022","66024","1","0"
"5110","64134","1","0"
"5110","64241","1","0"
"5110","64242","1","0"
"5110","64243","1","0"
"5110","64244","1","0"
"5110","64250","1","0"
"5110","66031","1","0"
"5120","65311","1","0"
"5120","65319","1","0"
"5120","65320","1","0"
"5120","66032","1","0"
"5210","67210","1","0"
"5210","67220","1","0"
"5210","67290","1","0"
"5221","67310","1","0"
"5221","67390","1","0"
"5221","67410","1","0"
"5221","67420","1","0"
"5221","67430","1","0"
"5221","67440","1","0"
"5221","67490","1","0"
"5221","67990","1","1"
"5222","67511","1","0"
"5222","67512","1","0"
"5222","67521","1","0"
"5222","67522","1","0"
"5222","67531","1","0"
"5222","67532","1","0"
"5222","67590","1","0"
"5223","67610","1","0"
"5223","67620","1","0"
"5223","67630","1","0"
"5223","67640","1","0"
"5224","67110","1","0"
"5224","67190","1","0"
"5229","67910","1","0"
"5229","67990","1","1"
"5310","32610","1","1"
"5310","38962","1","0"
"5310","68011","1","0"
"5310","68012","1","0"
"5310","68013","1","0"
"5310","68019","1","0"
"5320","68021","1","0"
"5320","68022","1","0"
"5320","68030","1","0"
"5510","63111","1","0"
"5510","63112","1","0"
"5510","63113","1","0"
"5510","63114","1","0"
"5520","63120","1","0"
"5520","63130","1","0"
"5590","63210","1","0"
"5590","63220","1","0"
"5590","63290","1","0"
"5610","63310","1","0"
"5610","63320","1","0"
"5610","63399","1","0"
"5621","63391","0","0"
"5629","63392","1","0"
"5629","63393","1","0"
"5630","63400","0","0"
"5811","32210","1","0"
"5811","32220","1","0"
"5811","32291","1","0"
"5811","32292","1","0"
"5811","32299","1","0"
"5811","32511","1","0"
"5811","47691","1","0"
"5811","47692","1","1"
"5811","73320","1","1"
"5811","83639","1","1"
"5811","84311","1","0"
"5811","89110","1","1"
"5812","32230","1","0"
"5812","47692","1","1"
"5812","73312","1","0"
"5812","83631","1","1"
"5812","83639","1","1"
"5812","83940","1","0"
"5812","84313","1","0"
"5812","89110","1","1"
"5813","32300","1","0"
"5813","32410","1","0"
"5813","32420","1","0"
"5813","32490","1","0"
"5813","47692","1","1"
"5813","73320","1","1"
"5813","83631","1","1"
"5813","83633","1","1"
"5813","84312","1","0"
"5813","89110","1","1"
"5819","32530","1","0"
"5819","32540","1","0"
"5819","32620","1","0"
"5819","32630","1","0"
"5819","83633","1","1"
"5819","84393","1","0"
"5819","84399","1","0"
"5819","89110","1","1"
"5820","38582","1","0"
"5820","47811","1","0"
"5820","47812","1","0"
"5820","47813","1","0"
"5820","47814","1","0"
"5820","47821","1","0"
"5820","47822","1","0"
"5820","47829","1","0"
"5820","73311","1","0"
"5820","83143","1","0"
"5820","84341","1","0"
"5820","84342","1","0"
"5820","84391","1","0"
"5820","84392","1","0"
"5820","89110","1","1"
"5911","38950","1","0"
"5911","47620","1","0"
"5911","73320","1","1"
"5911","84331","1","0"
"5911","84332","1","0"
"5911","96121","1","1"
"5911","96123","1","1"
"5912","73320","1","1"
"5912","96131","1","0"
"5912","96132","1","0"
"5912","96133","1","0"
"5912","96134","1","0"
"5912","96135","1","0"
"5912","96136","1","0"
"5912","96139","1","0"
"5913","73320","1","1"
"5913","96140","1","0"
"5914","96150","0","0"
"5920","32520","1","0"
"5920","47610","1","0"
"5920","47699","1","0"
"5920","73320","1","1"
"5920","84321","1","0"
"5920","84322","1","0"
"5920","89110","1","1"
"5920","96111","1","0"
"5920","96112","1","0"
"5920","96113","1","0"
"5920","96122","1","1"
"5920","96123","1","1"
"5920","96137","1","0"
"6010","83632","1","1"
"6010","84611","1","0"
"6010","84621","1","0"
"6010","84631","1","1"
"6010","96122","1","1"
"6020","83632","1","1"
"6020","84612","1","0"
"6020","84622","1","0"
"6020","84631","1","1"
"6020","96121","1","1"
"6110","84110","1","1"
"6110","84120","1","0"
"6110","84140","1","1"
"6110","84150","1","1"
"6110","84190","1","1"
"6110","84210","1","0"
"6110","84221","1","1"
"6110","84222","1","1"
"6110","84290","1","1"
"6110","84632","1","1"
"6110","84633","1","1"
"6110","84634","1","1"
"6120","84110","1","1"
"6120","84131","1","0"
"6120","84132","1","0"
"6120","84133","1","0"
"6120","84140","1","1"
"6120","84150","1","1"
"6120","84190","1","1"
"6120","84221","1","1"
"6120","84222","1","1"
"6120","84290","1","1"
"6120","84632","1","1"
"6120","84633","1","1"
"6120","84634","1","1"
"6130","84140","1","1"
"6130","84150","1","1"
"6130","84190","1","1"
"6130","84221","1","1"
"6130","84222","1","1"
"6130","84290","1","1"
"6130","84632","1","1"
"6130","84633","1","1"
"6130","84634","1","1"
"6190","84140","1","1"
"6190","84150","1","1"
"6190","84190","1","1"
"6190","84221","1","1"
"6190","84222","1","1"
"6190","84290","1","1"
"6201","83141","0","0"
"6202","83131","1","0"
"6202","83132","1","0"
"6202","83142","1","0"
"6202","83161","1","0"
"6202","83162","1","0"
"6209","87332","0","0"
"6311","83151","1","0"
"6311","83152","1","0"
"6311","83159","1","0"
"6311","83633","1","1"
"6312","83633","1","1"
"6312","84394","1","0"
"6391","84410","1","0"
"6391","84420","1","0"
"6399","85991","0","0"
"6411","32610","1","1"
"6411","71110","1","0"
"6419","71121","1","0"
"6419","71122","1","0"
"6419","71131","1","1"
"6419","71132","1","1"
"6419","71133","1","1"
"6419","71134","1","1"
"6419","71135","1","1"
"6419","71139","1","1"
"6420","71701","0","0"
"6430","71702","0","0"
"6491","71140","0","0"
"6492","71131","1","1"
"6492","71132","1","1"
"6492","71133","1","1"
"6492","71134","1","1"
"6492","71135","1","1"
"6492","71139","1","1"
"6499","71190","1","0"
"6499","71200","1","0"
"6511","71311","1","0"
"6511","71321","1","0"
"6511","71322","1","1"
"6512","71322","1","1"
"6512","71331","1","0"
"6512","71332","1","0"
"6512","71333","1","0"
"6512","71334","1","0"
"6512","71335","1","0"
"6512","71336","1","0"
"6512","71337","1","0"
"6512","71339","1","0"
"6520","71410","1","0"
"6520","71420","1","0"
"6520","71431","1","0"
"6520","71432","1","0"
"6520","71433","1","0"
"6520","71434","1","0"
"6520","71435","1","0"
"6520","71436","1","0"
"6520","71439","1","0"
"6530","71312","1","0"
"6530","71313","1","0"
"6611","71551","1","0"
"6611","71552","1","0"
"6611","71559","1","0"
"6612","71521","1","0"
"6612","71522","1","0"
"6612","71592","1","0"
"6619","71511","1","0"
"6619","71512","1","0"
"6619","71519","1","0"
"6619","71523","1","0"
"6619","71541","1","0"
"6619","71542","1","0"
"6619","71591","1","0"
"6619","71593","1","0"
"6619","71599","1","0"
"6621","71620","0","0"
"6622","71610","0","0"
"6629","71630","1","0"
"6629","71690","1","0"
"6630","71530","1","0"
"6630","71640","1","0"
"6810","72111","1","0"
"6810","72112","1","0"
"6810","72121","1","0"
"6810","72122","1","0"
"6810","72123","1","0"
"6810","72130","1","0"
"6820","72211","1","0"
"6820","72212","1","0"
"6820","72213","1","0"
"6820","72221","1","0"
"6820","72222","1","0"
"6820","72223","1","0"
"6820","72230","1","0"
"6820","72240","1","0"
"6910","82110","1","0"
"6910","82120","1","0"
"6910","82130","1","0"
"6910","82191","1","0"
"6910","82199","1","0"
"6920","82210","1","0"
"6920","82221","1","0"
"6920","82222","1","0"
"6920","82223","1","0"
"6920","82310","1","0"
"6920","82320","1","0"
"7010","83118","0","0"
"7020","82400","1","0"
"7020","83111","1","0"
"7020","83112","1","0"
"7020","83113","1","0"
"7020","83114","1","0"
"7020","83115","1","0"
"7020","83116","1","0"
"7020","83117","1","0"
"7020","83121","1","0"
"7020","83129","1","0"
"7020","83190","1","0"
"7110","32550","1","0"
"7110","83211","1","0"
"7110","83212","1","0"
"7110","83213","1","0"
"7110","83214","1","0"
"7110","83221","1","0"
"7110","83222","1","0"
"7110","83223","1","0"
"7110","83231","1","0"
"7110","83232","1","0"
"7110","83310","1","0"
"7110","83321","1","0"
"7110","83322","1","0"
"7110","83323","1","0"
"7110","83324","1","0"
"7110","83325","1","0"
"7110","83326","1","0"
"7110","83327","1","0"
"7110","83329","1","0"
"7110","83330","1","0"
"7110","83411","1","0"
"7110","83412","1","0"
"7110","83413","1","0"
"7110","83421","1","0"
"7110","83422","1","0"
"7120","83441","1","0"
"7120","83442","1","0"
"7120","83443","1","0"
"7120","83444","1","0"
"7120","83449","1","0"
"7210","81111","1","0"
"7210","81112","1","0"
"7210","81113","1","0"
"7210","81114","1","0"
"7210","81115","1","0"
"7210","81116","1","0"
"7210","81119","1","0"
"7210","81121","1","0"
"7210","81122","1","0"
"7210","81123","1","0"
"7210","81124","1","0"
"7210","81125","1","0"
"7210","81126","1","0"
"7210","81129","1","0"
"7210","81131","1","0"
"7210","81132","1","0"
"7210","81133","1","0"
"7210","81134","1","0"
"7210","81135","1","0"
"7210","81136","1","0"
"7210","81139","1","0"
"7210","81301","1","1"
"7210","81302","1","1"
"7210","81303","1","1"
"7210","81400","1","1"
"7220","81211","1","0"
"7220","81212","1","0"
"7220","81213","1","0"
"7220","81214","1","0"
"7220","81219","1","0"
"7220","81221","1","0"
"7220","81222","1","0"
"7220","81223","1","0"
"7220","81224","1","0"
"7220","81229","1","0"
"7220","81231","1","0"
"7220","81232","1","0"
"7220","81233","1","0"
"7220","81234","1","0"
"7220","81239","1","0"
"7220","81301","1","1"
"7220","81302","1","1"
"7220","81303","1","1"
"7220","81400","1","1"
"7310","83611","1","0"
"7310","83612","1","0"
"7310","83619","1","0"
"7310","83620","1","0"
"7310","83639","1","1"
"7320","83700","0","0"
"7410","83911","1","0"
"7410","83912","1","0"
"7410","83919","1","0"
"7410","83920","1","0"
"7420","38941","1","0"
"7420","38942","1","0"
"7420","83811","1","0"
"7420","83812","1","0"
"7420","83813","1","0"
"7420","83814","1","0"
"7420","83815","1","0"
"7420","83819","1","0"
"7420","83820","1","0"
"7490","83430","1","0"
"7490","83931","1","0"
"7490","83939","1","0"
"7490","83950","1","0"
"7490","83990","1","0"
"7490","85220","1","0"
"7490","85999","1","1"
"7500","83510","1","0"
"7500","83520","1","0"
"7500","83590","1","0"
"7710","73111","1","0"
"7710","73112","1","0"
"7710","73114","1","1"
"7721","73240","0","0"
"7722","73220","0","0"
"7729","73210","1","0"
"7729","73230","1","0"
"7729","73250","1","0"
"7729","73260","1","0"
"7729","73270","1","0"
"7729","73290","1","0"
"7730","73113","1","0"
"7730","73114","1","1"
"7730","73115","1","0"
"7730","73116","1","0"
"7730","73117","1","0"
"7730","73121","1","0"
"7730","73122","1","0"
"7730","73123","1","0"
"7730","73124","1","0"
"7730","73125","1","0"
"7730","73129","1","0"
"7740","73330","1","0"
"7740","73340","1","0"
"7740","73350","1","0"
"7740","73390","1","0"
"7810","85111","1","0"
"7810","85112","1","0"
"7810","85121","1","0"
"7820","85122","1","0"
"7820","85124","1","0"
"7830","85123","1","0"
"7830","85125","1","0"
"7911","85511","1","0"
"7911","85521","1","1"
"7911","85523","1","0"
"7911","85524","1","0"
"7912","85540","0","0"
"7990","85512","1","0"
"7990","85513","1","0"
"7990","85514","1","0"
"7990","85519","1","0"
"7990","85521","1","1"
"7990","85522","1","0"
"7990","85531","1","0"
"7990","85539","1","0"
"7990","85550","1","0"
"7990","85561","1","0"
"7990","85562","1","0"
"8010","85240","1","0"
"8010","85250","1","0"
"8010","85290","1","0"
"8020","85230","0","0"
"8030","85210","0","0"
"8121","85330","0","0"
"8129","85310","1","0"
"8129","85320","1","0"
"8129","85340","1","0"
"8129","94510","1","0"
"8129","94590","1","0"
"8130","85970","0","0"
"8211","85940","0","0"
"8219","85951","1","0"
"8219","85953","1","0"
"8219","85954","1","0"
"8220","85931","1","0"
"8220","85939","1","0"
"8230","85961","1","0"
"8230","85962","1","0"
"8291","85910","1","0"
"8291","85920","1","0"
"8292","85400","0","0"
"8299","85952","1","0"
"8299","85999","1","1"
"8411","91111","1","0"
"8411","91112","1","0"
"8411","91113","1","0"
"8411","91114","1","0"
"8411","91119","1","0"
"8411","91191","1","0"
"8411","91199","1","0"
"8412","91121","1","0"
"8412","91122","1","0"
"8412","91123","1","0"
"8412","91124","1","0"
"8413","91131","1","0"
"8413","91132","1","0"
"8413","91133","1","0"
"8413","91134","1","0"
"8413","91135","1","0"
"8413","91136","1","0"
"8413","91137","1","0"
"8413","91138","1","0"
"8421","91210","1","0"
"8421","91220","1","0"
"8421","91230","1","0"
"8422","91240","1","0"
"8422","91250","1","0"
"8423","91260","1","0"
"8423","91270","1","0"
"8423","91280","1","0"
"8423","91290","1","0"
"8430","91310","1","0"
"8430","91320","1","0"
"8430","91330","1","0"
"8430","91340","1","0"
"8510","92100","1","0"
"8510","92200","1","0"
"8521","92310","1","0"
"8521","92330","1","0"
"8522","67990","1","1"
"8522","92320","1","0"
"8522","92340","1","0"
"8530","92410","1","0"
"8530","92420","1","0"
"8530","92510","1","0"
"8530","92520","1","0"
"8541","92912","0","0"
"8542","92911","0","0"
"8549","92919","0","0"
"8550","92920","0","0"
"8610","93111","1","0"
"8610","93112","1","0"
"8610","93113","1","0"
"8610","93119","1","0"
"8620","93121","1","0"
"8620","93122","1","0"
"8620","93123","1","0"
"8690","93191","1","0"
"8690","93192","1","0"
"8690","93193","1","0"
"8690","93194","1","0"
"8690","93195","1","0"
"8690","93196","1","0"
"8690","93197","1","0"
"8690","93199","1","0"
"8710","93210","0","0"
"8720","93301","1","0"
"8720","93303","1","0"
"8730","93221","1","0"
"8730","93222","1","0"
"8730","93223","1","0"
"8790","93302","1","0"
"8790","93304","1","0"
"8810","93411","1","0"
"8810","93491","1","0"
"8810","93492","1","0"
"8810","93493","1","0"
"8890","93412","1","0"
"8890","93510","1","0"
"8890","93520","1","0"
"8890","93530","1","0"
"8890","93590","1","0"
"9000","38961","1","0"
"9000","73320","1","1"
"9000","96210","1","0"
"9000","96220","1","0"
"9000","96230","1","0"
"9000","96290","1","0"
"9000","96310","1","0"
"9000","96320","1","0"
"9000","96330","1","0"
"9101","84510","1","0"
"9101","84520","1","0"
"9102","38963","1","0"
"9102","96411","1","0"
"9102","96412","1","0"
"9103","96421","1","0"
"9103","96422","1","0"
"9200","96921","1","0"
"9200","96929","1","0"
"9311","96520","0","0"
"9312","96512","0","0"
"9319","86132","1","1"
"9319","96511","1","0"
"9319","96590","1","0"
"9319","96610","1","0"
"9319","96620","1","0"
"9321","96910","0","0"
"9329","96930","1","0"
"9329","96990","1","0"
"9411","95110","0","0"
"9412","95120","0","0"
"9420","95200","0","0"
"9491","95910","0","0"
"9492","95920","0","0"
"9499","95991","1","0"
"9499","95992","1","0"
"9499","95993","1","0"
"9499","95994","1","0"
"9499","95995","1","0"
"9499","95996","1","0"
"9499","95997","1","0"
"9499","95998","1","0"
"9499","95999","1","0"
"9511","87130","0","0"
"9512","87153","0","0"
"9521","87155","1","0"
"9521","87390","1","1"
"9522","87151","0","0"
"9523","87210","0","0"
"9524","87240","0","0"
"9529","87220","1","0"
"9529","87230","1","0"
"9529","87290","1","1"
"9601","97110","1","0"
"9601","97120","1","0"
"9601","97130","1","0"
"9601","97140","1","0"
"9601","97150","1","0"
"9602","97210","1","0"
"9602","97220","1","0"
"9602","97290","1","0"
"9603","97310","1","0"
"9603","97320","1","0"
"9609","86129","1","0"
"9609","97230","1","0"
"9609","97910","1","0"
"9609","97990","1","0"
"9700","98000","0","0"
"9900","99000","0","0"
