NACE Rev 2.,CPA 2.1 
01,01
02,02
03,03
05,05
06,06
07,07
08,08
09,09
10,10
11,11
12,12
13,13
14,14
15,15
16,16
17,17
18,18
19,19
20,20
21,21
22,22
23,23
24,24
25,25
26,26
27,27
28,28
29,29
30,30
31,31
32,32
33,33
35,35
36,36
37,37
38,38
39,39
41,41
42,42
43,43
45,45
46,46
47,47
49,49
50,50
51,51
52,52
53,53
55,55
56,56
58,58
59,59
60,60
61,61
62,62
63,63
64,64
65,65
66,66
68,68
69,69
70,70
71,71
72,72
73,73
74,74
75,75
77,77
78,78
79,79
80,80
81,81
82,82
84,84
85,85
86,86
87,87
88,88
90,90
91,91
92,92
93,93
94,94
95,95
96,96
97,97
98,98
99,99
01.1,01.1
01.11,01.11
01.11,01.11.1
01.11,01.11.11
01.11,01.11.12
01.11,01.11.2
01.11,01.11.20
01.11,01.11.3
01.11,01.11.31
01.11,01.11.32
01.11,01.11.33
01.11,01.11.4
01.11,01.11.41
01.11,01.11.42
01.11,01.11.43
01.11,01.11.49
01.11,01.11.5
01.11,01.11.50
01.11,01.11.6
01.11,01.11.61
01.11,01.11.62
01.11,01.11.69
01.11,01.11.7
01.11,01.11.71
01.11,01.11.72
01.11,01.11.73
01.11,01.11.74
01.11,01.11.75
01.11,01.11.76
01.11,01.11.77
01.11,01.11.79
01.11,01.11.8
01.11,01.11.81
01.11,01.11.82
01.11,01.11.9
01.11,01.11.91
01.11,01.11.92
01.11,01.11.93
01.11,01.11.94
01.11,01.11.95
01.11,01.11.96
01.11,01.11.99
01.12,01.12
01.12,01.12.1
01.12,01.12.10
01.13,01.13
01.13,01.13.1
01.13,01.13.11
01.13,01.13.12
01.13,01.13.13
01.13,01.13.14
01.13,01.13.15
01.13,01.13.16
01.13,01.13.17
01.13,01.13.19
01.13,01.13.2
01.13,01.13.21
01.13,01.13.29
01.13,01.13.3
01.13,01.13.31
01.13,01.13.32
01.13,01.13.33
01.13,01.13.34
01.13,01.13.39
01.13,01.13.4
01.13,01.13.41
01.13,01.13.42
01.13,01.13.43
01.13,01.13.44
01.13,01.13.49
01.13,01.13.5
01.13,01.13.51
01.13,01.13.52
01.13,01.13.53
01.13,01.13.54
01.13,01.13.59
01.13,01.13.6
01.13,01.13.60
01.13,01.13.7
01.13,01.13.71
01.13,01.13.72
01.13,01.13.8
01.13,01.13.80
01.13,01.13.9
01.13,01.13.90
01.14,01.14
01.14,01.14.1
01.14,01.14.10
01.15,01.15
01.15,01.15.1
01.15,01.15.10
01.16,01.16
01.16,01.16.1
01.16,01.16.11
01.16,01.16.12
01.16,01.16.19
01.19,01.19
01.19,01.19.1
01.19,01.19.10
01.19,01.19.2
01.19,01.19.21
01.19,01.19.22
01.19,01.19.3
01.19,01.19.31
01.19,01.19.39
01.2,01.2
01.21,01.21
01.21,01.21.1
01.21,01.21.11
01.21,01.21.12
01.22,01.22
01.22,01.22.1
01.22,01.22.11
01.22,01.22.12
01.22,01.22.13
01.22,01.22.14
01.22,01.22.19
01.23,01.23
01.23,01.23.1
01.23,01.23.11
01.23,01.23.12
01.23,01.23.13
01.23,01.23.14
01.23,01.23.19
01.24,01.24
01.24,01.24.1
01.24,01.24.10
01.24,01.24.2
01.24,01.24.21
01.24,01.24.22
01.24,01.24.23
01.24,01.24.24
01.24,01.24.25
01.24,01.24.26
01.24,01.24.27
01.24,01.24.28
01.24,01.24.29
01.25,01.25
01.25,01.25.1
01.25,01.25.11
01.25,01.25.12
01.25,01.25.13
01.25,01.25.19
01.25,01.25.2
01.25,01.25.20
01.25,01.25.3
01.25,01.25.31
01.25,01.25.32
01.25,01.25.33
01.25,01.25.34
01.25,01.25.35
01.25,01.25.39
01.25,01.25.9
01.25,01.25.90
01.26,01.26
01.26,01.26.1
01.26,01.26.11
01.26,01.26.12
01.26,01.26.2
01.26,01.26.20
01.26,01.26.9
01.26,01.26.90
01.27,01.27
01.27,01.27.1
01.27,01.27.11
01.27,01.27.12
01.27,01.27.13
01.27,01.27.14
01.28,01.28
01.28,01.28.1
01.28,01.28.11
01.28,01.28.12
01.28,01.28.13
01.28,01.28.14
01.28,01.28.15
01.28,01.28.16
01.28,01.28.17
01.28,01.28.18
01.28,01.28.19
01.28,01.28.2
01.28,01.28.20
01.28,01.28.3
01.28,01.28.30
01.29,01.29
01.29,01.29.1
01.29,01.29.10
01.29,01.29.2
01.29,01.29.20
01.29,01.29.3
01.29,01.29.30
01.3,01.3
01.30,01.30
01.30,01.30.1
01.30,01.30.10
01.4,01.4
01.41,01.41
01.41,01.41.1
01.41,01.41.10
01.41,01.41.2
01.41,01.41.20
01.42,01.42
01.42,01.42.1
01.42,01.42.11
01.42,01.42.12
01.42,01.42.2
01.42,01.42.20
01.43,01.43
01.43,01.43.1
01.43,01.43.11
01.43,01.43.12
01.44,01.44
01.44,01.44.1
01.44,01.44.10
01.45,01.45
01.45,01.45.1
01.45,01.45.11
01.45,01.45.12
01.45,01.45.2
01.45,01.45.21
01.45,01.45.22
01.45,01.45.3
01.45,01.45.30
01.46,01.46
01.46,01.46.1
01.46,01.46.10
01.47,01.47
01.47,01.47.1
01.47,01.47.11
01.47,01.47.12
01.47,01.47.13
01.47,01.47.14
01.47,01.47.2
01.47,01.47.21
01.47,01.47.22
01.47,01.47.23
01.47,01.47.24
01.49,01.49
01.49,01.49.1
01.49,01.49.11
01.49,01.49.12
01.49,01.49.13
01.49,01.49.19
01.49,01.49.2
01.49,01.49.21
01.49,01.49.22
01.49,01.49.23
01.49,01.49.24
01.49,01.49.25
01.49,01.49.26
01.49,01.49.27
01.49,01.49.28
01.49,01.49.3
01.49,01.49.31
01.49,01.49.32
01.49,01.49.39
01.6,01.6
01.61,01.61
01.61,01.61.1
01.61,01.61.10
01.62,01.62
01.62,01.62.1
01.62,01.62.10
01.63,01.63
01.63,01.63.1
01.63,01.63.10
01.64,01.64
01.64,01.64.1
01.64,01.64.10
01.7,01.7
01.70,01.70
01.70,01.70.1
01.70,01.70.10
02.1,02.1
02.10,02.10
02.10,02.10.1
02.10,02.10.11
02.10,02.10.12
02.10,02.10.2
02.10,02.10.20
02.10,02.10.3
02.10,02.10.30
02.2,02.2
02.20,02.20
02.20,02.20.1
02.20,02.20.11
02.20,02.20.12
02.20,02.20.13
02.20,02.20.14
02.20,02.20.15
02.3,02.3
02.30,02.30
02.30,02.30.1
02.30,02.30.11
02.30,02.30.12
02.30,02.30.2
02.30,02.30.20
02.30,02.30.3
02.30,02.30.30
02.30,02.30.4
02.30,02.30.40
02.4,02.4
02.40,02.40
02.40,02.40.1
02.40,02.40.10
03.00,03.0
03.00,03.00
03.00,03.00.1
03.00,03.00.11
03.00,03.00.12
03.00,03.00.13
03,03.00.14
03,03.00.2
03,03.00.21
03,03.00.22
03,03.00.23
03,03.00.24
03,03.00.3
03,03.00.31
03,03.00.32
03,03.00.4
03,03.00.41
03,03.00.42
03,03.00.43
03,03.00.44
03,03.00.45
03,03.00.46
03,03.00.5
03,03.00.51
03,03.00.52
03,03.00.6
03,03.00.61
03,03.00.62
03,03.00.63
03,03.00.64
03,03.00.65
03,03.00.66
03,03.00.69
03,03.00.7
03,03.00.71
03,03.00.72
05.1,05.1
05.10,05.10
05.10,05.10.1
05.10,05.10.10
05.2,05.2
05.20,05.20
05.20,05.20.1
05.20,05.20.10
06.1,06.1
06.10,06.10
06.10,06.10.1
06.10,06.10.10
06.10,06.10.2
06.10,06.10.20
06.2,06.2
06.20,06.20
06.20,06.20.1
06.20,06.20.10
07.1,07.1
07.10,07.10
07.10,07.10.1
07.10,07.10.10
07.2,07.2
07.21,07.21
07.21,07.21.1
07.21,07.21.10
07.29,07.29
07.29,07.29.1
07.29,07.29.11
07.29,07.29.12
07.29,07.29.13
07.29,07.29.14
07.29,07.29.15
07.29,07.29.19
08.1,08.1
08.11,08.11
08.11,08.11.1
08.11,08.11.11
08.11,08.11.12
08.11,08.11.2
08.11,08.11.20
08.11,08.11.3
08.11,08.11.30
08.11,08.11.4
08.11,08.11.40
08.12,08.12
08.12,08.12.1
08.12,08.12.11
08.12,08.12.12
08.12,08.12.13
08.12,08.12.2
08.12,08.12.21
08.12,08.12.22
08.9,08.9
08.91,08.91
08.91,08.91.1
08.91,08.91.11
08.91,08.91.12
08.91,08.91.19
08.92,08.92
08.92,08.92.1
08.92,08.92.10
08.93,08.93
08.93,08.93.1
08.93,08.93.10
08.99,08.99
08.99,08.99.1
08.99,08.99.10
08.99,08.99.2
08.99,08.99.21
08.99,08.99.22
08.99,08.99.29
09.1,09.1
09.10,09.10
09.10,09.10.1
09.10,09.10.11
09.10,09.10.12
09.10,09.10.13
09.9,09.9
09.90,09.90
09.90,09.90.1
09.90,09.90.11
09.90,09.90.19
10.1,10.1
10.11,10.11
10.11,10.11.1
10.11,10.11.11
10.11,10.11.12
10.11,10.11.13
10.11,10.11.14
10.11,10.11.15
10.11,10.11.2
10.11,10.11.20
10.11,10.11.3
10.11,10.11.31
10.11,10.11.32
10.11,10.11.33
10.11,10.11.34
10.11,10.11.35
10.11,10.11.39
10.11,10.11.4
10.11,10.11.41
10.11,10.11.42
10.11,10.11.43
10.11,10.11.44
10.11,10.11.45
10.11,10.11.5
10.11,10.11.50
10.11,10.11.6
10.11,10.11.60
10.11,10.11.9
10.11,10.11.99
10.12,10.12
10.12,10.12.1
10.12,10.12.10
10.12,10.12.2
10.12,10.12.20
10.12,10.12.3
10.12,10.12.30
10.12,10.12.4
10.12,10.12.40
10.12,10.12.5
10.12,10.12.50
10.12,10.12.9
10.12,10.12.99
10.13,10.13
10.13,10.13.1
10.13,10.13.11
10.13,10.13.12
10.13,10.13.13
10.13,10.13.14
10.13,10.13.15
10.13,10.13.16
10.13,10.13.9
10.13,10.13.91
10.13,10.13.99
10.2,10.2
10.20,10.20
10.20,10.20.1
10.20,10.20.11
10.20,10.20.12
10.20,10.20.13
10.20,10.20.14
10.20,10.20.15
10.20,10.20.16
10.20,10.20.2
10.20,10.20.21
10.20,10.20.22
10.20,10.20.23
10.20,10.20.24
10.20,10.20.25
10.20,10.20.26
10.20,10.20.3
10.20,10.20.31
10.20,10.20.32
10.20,10.20.33
10.20,10.20.34
10.20,10.20.4
10.20,10.20.41
10.20,10.20.42
10.20,10.20.9
10.20,10.20.91
10.20,10.20.99
10.3,10.3
10.31,10.31
10.31,10.31.1
10.31,10.31.11
10.31,10.31.12
10.31,10.31.13
10.31,10.31.14
10.31,10.31.9
10.31,10.31.91
10.31,10.31.99
10.32,10.32
10.32,10.32.1
10.32,10.32.11
10.32,10.32.12
10.32,10.32.13
10.32,10.32.14
10.32,10.32.15
10.32,10.32.16
10.32,10.32.17
10.32,10.32.19
10.32,10.32.9
10.32,10.32.99
10.39,10.39
10.39,10.39.1
10.39,10.39.11
10.39,10.39.12
10.39,10.39.13
10.39,10.39.14
10.39,10.39.15
10.39,10.39.16
10.39,10.39.17
10.39,10.39.18
10.39,10.39.2
10.39,10.39.21
10.39,10.39.22
10.39,10.39.23
10.39,10.39.24
10.39,10.39.25
10.39,10.39.29
10.39,10.39.3
10.39,10.39.30
10.39,10.39.9
10.39,10.39.91
10.39,10.39.99
10.4,10.4
10.41,10.41
10.41,10.41.1
10.41,10.41.11
10.41,10.41.12
10.41,10.41.19
10.41,10.41.2
10.41,10.41.21
10.41,10.41.22
10.41,10.41.23
10.41,10.41.24
10.41,10.41.25
10.41,10.41.29
10.41,10.41.3
10.41,10.41.30
10.41,10.41.4
10.41,10.41.41
10.41,10.41.42
10.41,10.41.5
10.41,10.41.51
10.41,10.41.52
10.41,10.41.53
10.41,10.41.54
10.41,10.41.55
10.41,10.41.56
10.41,10.41.57
10.41,10.41.58
10.41,10.41.59
10.41,10.41.6
10.41,10.41.60
10.41,10.41.7
10.41,10.41.71
10.41,10.41.72
10.41,10.41.9
10.41,10.41.99
10.42,10.42
10.42,10.42.1
10.42,10.42.10
10.42,10.42.9
10.42,10.42.99
10.5,10.5
10.51,10.51
10.51,10.51.1
10.51,10.51.11
10.51,10.51.12
10.51,10.51.2
10.51,10.51.21
10.51,10.51.22
10.51,10.51.3
10.51,10.51.30
10.51,10.51.4
10.51,10.51.40
10.51,10.51.5
10.51,10.51.51
10.51,10.51.52
10.51,10.51.53
10.51,10.51.54
10.51,10.51.55
10.51,10.51.56
10.51,10.51.9
10.51,10.51.99
10.52,10.52
10.52,10.52.1
10.52,10.52.10
10.52,10.52.9
10.52,10.52.99
10.6,10.6
10.61,10.61
10.61,10.61.1
10.61,10.61.11
10.61,10.61.12
10.61,10.61.2
10.61,10.61.21
10.61,10.61.22
10.61,10.61.23
10.61,10.61.24
10.61,10.61.3
10.61,10.61.31
10.61,10.61.32
10.61,10.61.33
10.61,10.61.4
10.61,10.61.40
10.61,10.61.9
10.61,10.61.99
10.62,10.62
10.62,10.62.1
10.62,10.62.11
10.62,10.62.12
10.62,10.62.13
10.62,10.62.14
10.62,10.62.2
10.62,10.62.20
10.62,10.62.9
10.62,10.62.99
10.7,10.7
10.71,10.71
10.71,10.71.1
10.71,10.71.11
10.71,10.71.12
10.71,10.71.9
10.71,10.71.99
10.72,10.72
10.72,10.72.1
10.72,10.72.11
10.72,10.72.12
10.72,10.72.19
10.72,10.72.9
10.72,10.72.99
10.73,10.73
10.73,10.73.1
10.73,10.73.11
10.73,10.73.12
10.73,10.73.9
10.73,10.73.99
10.8,10.8
10.81,10.81
10.81,10.81.1
10.81,10.81.11
10.81,10.81.12
10.81,10.81.13
10.81,10.81.14
10.81,10.81.2
10.81,10.81.20
10.81,10.81.9
10.81,10.81.99
10.82,10.82
10.82,10.82.1
10.82,10.82.11
10.82,10.82.12
10.82,10.82.13
10.82,10.82.14
10.82,10.82.2
10.82,10.82.21
10.82,10.82.22
10.82,10.82.23
10.82,10.82.24
10.82,10.82.3
10.82,10.82.30
10.82,10.82.9
10.82,10.82.99
10.83,10.83
10.83,10.83.1
10.83,10.83.11
10.83,10.83.12
10.83,10.83.13
10.83,10.83.14
10.83,10.83.15
10.83,10.83.9
10.83,10.83.99
10.84,10.84
10.84,10.84.1
10.84,10.84.11
10.84,10.84.12
10.84,10.84.2
10.84,10.84.21
10.84,10.84.22
10.84,10.84.23
10.84,10.84.3
10.84,10.84.30
10.84,10.84.9
10.84,10.84.99
10.85,10.85
10.85,10.85.1
10.85,10.85.11
10.85,10.85.12
10.85,10.85.13
10.85,10.85.14
10.85,10.85.19
10.85,10.85.9
10.85,10.85.99
10.86,10.86
10.86,10.86.1
10.86,10.86.10
10.86,10.86.9
10.86,10.86.99
10.89,10.89
10.89,10.89.1
10.89,10.89.11
10.89,10.89.12
10.89,10.89.13
10.89,10.89.14
10.89,10.89.15
10.89,10.89.16
10.89,10.89.17
10.89,10.89.19
10.89,10.89.9
10.89,10.89.99
10.9,10.9
10.91,10.91
10.91,10.91.1
10.91,10.91.10
10.91,10.91.2
10.91,10.91.20
10.91,10.91.9
10.91,10.91.99
10.92,10.92
10.92,10.92.1
10.92,10.92.10
10.92,10.92.9
10.92,10.92.99
11.0,11.0
11.01,11.01
11.01,11.01.1
11.01,11.01.10
11.01,11.01.9
11.01,11.01.99
11.02,11.02
11.02,11.02.1
11.02,11.02.11
11.02,11.02.12
11.02,11.02.2
11.02,11.02.20
11.02,11.02.9
11.02,11.02.99
11.03,11.03
11.03,11.03.1
11.03,11.03.10
11.03,11.03.9
11.03,11.03.99
11.04,11.04
11.04,11.04.1
11.04,11.04.10
11.04,11.04.9
11.04,11.04.99
11.05,11.05
11.05,11.05.1
11.05,11.05.10
11.05,11.05.2
11.05,11.05.20
11.05,11.05.9
11.05,11.05.99
11.06,11.06
11.06,11.06.1
11.06,11.06.10
11.06,11.06.9
11.06,11.06.99
11.07,11.07
11.07,11.07.1
11.07,11.07.11
11.07,11.07.19
11.07,11.07.9
11.07,11.07.99
12.0,12.0
12.00,12.00
12.00,12.00.1
12.00,12.00.11
12.00,12.00.12
12.00,12.00.19
12.00,12.00.2
12.00,12.00.20
12.00,12.00.9
12.00,12.00.99
13.1,13.1
13.10,13.10
13.10,13.10.1
13.10,13.10.10
13.10,13.10.2
13.10,13.10.21
13.10,13.10.22
13.10,13.10.23
13.10,13.10.24
13.10,13.10.25
13.10,13.10.26
13.10,13.10.29
13.10,13.10.3
13.10,13.10.31
13.10,13.10.32
13.10,13.10.4
13.10,13.10.40
13.10,13.10.5
13.10,13.10.50
13.10,13.10.6
13.10,13.10.61
13.10,13.10.62
13.10,13.10.7
13.10,13.10.71
13.10,13.10.72
13.10,13.10.8
13.10,13.10.81
13.10,13.10.82
13.10,13.10.83
13.10,13.10.84
13.10,13.10.85
13.10,13.10.9
13.10,13.10.91
13.10,13.10.92
13.10,13.10.93
13.10,13.10.99
13.2,13.2
13.20,13.20
13.20,13.20.1
13.20,13.20.11
13.20,13.20.12
13.20,13.20.13
13.20,13.20.14
13.20,13.20.19
13.20,13.20.2
13.20,13.20.20
13.20,13.20.3
13.20,13.20.31
13.20,13.20.32
13.20,13.20.33
13.20,13.20.4
13.20,13.20.41
13.20,13.20.42
13.20,13.20.43
13.20,13.20.44
13.20,13.20.45
13.20,13.20.46
13.20,13.20.5
13.20,13.20.50
13.20,13.20.9
13.20,13.20.99
13.3,13.3
13.30,13.30
13.30,13.30.1
13.30,13.30.11
13.30,13.30.12
13.30,13.30.13
13.30,13.30.19
13.9,13.9
13.91,13.91
13.91,13.91.1
13.91,13.91.11
13.91,13.91.19
13.91,13.91.9
13.91,13.91.99
13.92,13.92
13.92,13.92.1
13.92,13.92.11
13.92,13.92.12
13.92,13.92.13
13.92,13.92.14
13.92,13.92.15
13.92,13.92.16
13.92,13.92.2
13.92,13.92.21
13.92,13.92.22
13.92,13.92.23
13.92,13.92.24
13.92,13.92.29
13.92,13.92.9
13.92,13.92.99
13.93,13.93
13.93,13.93.1
13.93,13.93.11
13.93,13.93.12
13.93,13.93.13
13.93,13.93.19
13.93,13.93.9
13.93,13.93.99
13.94,13.94
13.94,13.94.1
13.94,13.94.11
13.94,13.94.12
13.94,13.94.2
13.94,13.94.20
13.94,13.94.9
13.94,13.94.99
13.95,13.95
13.95,13.95.1
13.95,13.95.10
13.95,13.95.9
13.95,13.95.99
13.96,13.96
13.96,13.96.1
13.96,13.96.11
13.96,13.96.12
13.96,13.96.13
13.96,13.96.14
13.96,13.96.15
13.96,13.96.16
13.96,13.96.17
13.96,13.96.9
13.96,13.96.99
13.99,13.99
13.99,13.99.1
13.99,13.99.11
13.99,13.99.12
13.99,13.99.13
13.99,13.99.14
13.99,13.99.15
13.99,13.99.16
13.99,13.99.19
13.99,13.99.9
13.99,13.99.99
14.1,14.1
14.11,14.11
14.11,14.11.1
14.11,14.11.10
14.11,14.11.9
14.11,14.11.99
14.12,14.12
14.12,14.12.1
14.12,14.12.11
14.12,14.12.12
14.12,14.12.2
14.12,14.12.21
14.12,14.12.22
14.12,14.12.3
14.12,14.12.30
14.12,14.12.9
14.12,14.12.99
14.13,14.13
14.13,14.13.1
14.13,14.13.11
14.13,14.13.12
14.13,14.13.13
14.13,14.13.14
14.13,14.13.2
14.13,14.13.21
14.13,14.13.22
14.13,14.13.23
14.13,14.13.24
14.13,14.13.3
14.13,14.13.31
14.13,14.13.32
14.13,14.13.33
14.13,14.13.34
14.13,14.13.35
14.13,14.13.4
14.13,14.13.40
14.13,14.13.9
14.13,14.13.99
14.14,14.14
14.14,14.14.1
14.14,14.14.11
14.14,14.14.12
14.14,14.14.13
14.14,14.14.14
14.14,14.14.2
14.14,14.14.21
14.14,14.14.22
14.14,14.14.23
14.14,14.14.24
14.14,14.14.25
14.14,14.14.3
14.14,14.14.30
14.14,14.14.9
14.14,14.14.99
14.19,14.19
14.19,14.19.1
14.19,14.19.11
14.19,14.19.12
14.19,14.19.13
14.19,14.19.19
14.19,14.19.2
14.19,14.19.21
14.19,14.19.22
14.19,14.19.23
14.19,14.19.3
14.19,14.19.31
14.19,14.19.32
14.19,14.19.4
14.19,14.19.41
14.19,14.19.42
14.19,14.19.43
14.19,14.19.9
14.19,14.19.99
14.2,14.2
14.20,14.20
14.20,14.20.1
14.20,14.20.10
14.20,14.20.9
14.20,14.20.99
14.3,14.3
14.31,14.31
14.31,14.31.1
14.31,14.31.10
14.31,14.31.9
14.31,14.31.99
14.39,14.39
14.39,14.39.1
14.39,14.39.10
14.39,14.39.9
14.39,14.39.99
15.1,15.1
15.11,15.11
15.11,15.11.1
15.11,15.11.10
15.11,15.11.2
15.11,15.11.21
15.11,15.11.22
15.11,15.11.3
15.11,15.11.31
15.11,15.11.32
15.11,15.11.33
15.11,15.11.4
15.11,15.11.41
15.11,15.11.42
15.11,15.11.43
15.11,15.11.5
15.11,15.11.51
15.11,15.11.52
15.11,15.11.9
15.11,15.11.99
15.12,15.12
15.12,15.12.1
15.12,15.12.11
15.12,15.12.12
15.12,15.12.13
15.12,15.12.19
15.12,15.12.9
15.12,15.12.99
15.2,15.2
15.20,15.20
15.20,15.20.1
15.20,15.20.11
15.20,15.20.12
15.20,15.20.13
15.20,15.20.14
15.20,15.20.2
15.20,15.20.21
15.20,15.20.29
15.20,15.20.3
15.20,15.20.31
15.20,15.20.32
15.20,15.20.4
15.20,15.20.40
15.20,15.20.9
15.20,15.20.99
16.1,16.1
16.10,16.10
16.10,16.10.1
16.10,16.10.11
16.10,16.10.12
16.10,16.10.13
16.10,16.10.2
16.10,16.10.21
16.10,16.10.22
16.10,16.10.23
16.10,16.10.24
16.10,16.10.25
16.10,16.10.3
16.10,16.10.31
16.10,16.10.32
16.10,16.10.39
16.10,16.10.9
16.10,16.10.91
16.10,16.10.99
16.2,16.2
16.21,16.21
16.21,16.21.1
16.21,16.21.11
16.21,16.21.12
16.21,16.21.13
16.21,16.21.14
16.21,16.21.15
16.21,16.21.16
16.21,16.21.17
16.21,16.21.18
16.21,16.21.2
16.21,16.21.21
16.21,16.21.22
16.21,16.21.23
16.21,16.21.24
16.21,16.21.9
16.21,16.21.91
16.21,16.21.99
16.22,16.22
16.22,16.22.1
16.22,16.22.10
16.22,16.22.9
16.22,16.22.99
16.23,16.23
16.23,16.23.1
16.23,16.23.11
16.23,16.23.12
16.23,16.23.19
16.23,16.23.2
16.23,16.23.20
16.23,16.23.9
16.23,16.23.99
16.24,16.24
16.24,16.24.1
16.24,16.24.11
16.24,16.24.12
16.24,16.24.13
16.24,16.24.9
16.24,16.24.99
16.29,16.29
16.29,16.29.1
16.29,16.29.11
16.29,16.29.12
16.29,16.29.13
16.29,16.29.14
16.29,16.29.15
16.29,16.29.2
16.29,16.29.21
16.29,16.29.22
16.29,16.29.23
16.29,16.29.24
16.29,16.29.25
16.29,16.29.9
16.29,16.29.91
16.29,16.29.99
17.1,17.1
17.11,17.11
17.11,17.11.1
17.11,17.11.11
17.11,17.11.12
17.11,17.11.13
17.11,17.11.14
17.11,17.11.9
17.11,17.11.99
17.12,17.12
17.12,17.12.1
17.12,17.12.11
17.12,17.12.12
17.12,17.12.13
17.12,17.12.14
17.12,17.12.2
17.12,17.12.20
17.12,17.12.3
17.12,17.12.31
17.12,17.12.32
17.12,17.12.33
17.12,17.12.34
17.12,17.12.35
17.12,17.12.4
17.12,17.12.41
17.12,17.12.42
17.12,17.12.43
17.12,17.12.44
17.12,17.12.5
17.12,17.12.51
17.12,17.12.59
17.12,17.12.6
17.12,17.12.60
17.12,17.12.7
17.12,17.12.71
17.12,17.12.72
17.12,17.12.73
17.12,17.12.74
17.12,17.12.75
17.12,17.12.76
17.12,17.12.77
17.12,17.12.78
17.12,17.12.79
17.12,17.12.9
17.12,17.12.99
17.2,17.2
17.21,17.21
17.21,17.21.1
17.21,17.21.11
17.21,17.21.12
17.21,17.21.13
17.21,17.21.14
17.21,17.21.15
17.21,17.21.9
17.21,17.21.99
17.22,17.22
17.22,17.22.1
17.22,17.22.11
17.22,17.22.12
17.22,17.22.13
17.22,17.22.9
17.22,17.22.99
17.23,17.23
17.23,17.23.1
17.23,17.23.11
17.23,17.23.12
17.23,17.23.13
17.23,17.23.14
17.23,17.23.9
17.23,17.23.99
17.24,17.24
17.24,17.24.1
17.24,17.24.11
17.24,17.24.12
17.24,17.24.9
17.24,17.24.99
17.29,17.29
17.29,17.29.1
17.29,17.29.11
17.29,17.29.12
17.29,17.29.19
17.29,17.29.9
17.29,17.29.99
18.1,18.1
18.11,18.11
18.11,18.11.1
18.11,18.11.10
18.12,18.12
18.12,18.12.1
18.12,18.12.11
18.12,18.12.12
18.12,18.12.13
18.12,18.12.14
18.12,18.12.15
18.12,18.12.16
18.12,18.12.19
18.13,18.13
18.13,18.13.1
18.13,18.13.10
18.13,18.13.2
18.13,18.13.20
18.13,18.13.3
18.13,18.13.30
18.14,18.14
18.14,18.14.1
18.14,18.14.10
18.2,18.2
18.20,18.20
18.20,18.20.1
18.20,18.20.10
18.20,18.20.2
18.20,18.20.20
18.20,18.20.3
18.20,18.20.30
19.1,19.1
19.10,19.10
19.10,19.10.1
19.10,19.10.10
19.10,19.10.2
19.10,19.10.20
19.10,19.10.3
19.10,19.10.30
19.10,19.10.9
19.10,19.10.99
19.2,19.2
19.20,19.20
19.20,19.20.1
19.20,19.20.11
19.20,19.20.12
19.20,19.20.13
19.20,19.20.2
19.20,19.20.21
19.20,19.20.22
19.20,19.20.23
19.20,19.20.24
19.20,19.20.25
19.20,19.20.26
19.20,19.20.27
19.20,19.20.28
19.20,19.20.29
19.20,19.20.3
19.20,19.20.31
19.20,19.20.32
19.20,19.20.39
19.20,19.20.4
19.20,19.20.41
19.20,19.20.42
19.20,19.20.9
19.20,19.20.99
20.1,20.1
20.11,20.11
20.11,20.11.1
20.11,20.11.11
20.11,20.11.12
20.11,20.11.13
20.11,20.11.9
20.11,20.11.99
20.12,20.12
20.12,20.12.1
20.12,20.12.11
20.12,20.12.12
20.12,20.12.19
20.12,20.12.2
20.12,20.12.21
20.12,20.12.22
20.12,20.12.23
20.12,20.12.24
20.12,20.12.9
20.12,20.12.99
20.13,20.13
20.13,20.13.1
20.13,20.13.11
20.13,20.13.12
20.13,20.13.13
20.13,20.13.14
20.13,20.13.2
20.13,20.13.21
20.13,20.13.22
20.13,20.13.23
20.13,20.13.24
20.13,20.13.25
20.13,20.13.3
20.13,20.13.31
20.13,20.13.32
20.13,20.13.4
20.13,20.13.41
20.13,20.13.42
20.13,20.13.43
20.13,20.13.5
20.13,20.13.51
20.13,20.13.52
20.13,20.13.6
20.13,20.13.61
20.13,20.13.62
20.13,20.13.63
20.13,20.13.64
20.13,20.13.65
20.13,20.13.66
20.13,20.13.67
20.13,20.13.68
20.13,20.13.9
20.13,20.13.99
20.14,20.14
20.14,20.14.1
20.14,20.14.11
20.14,20.14.12
20.14,20.14.13
20.14,20.14.14
20.14,20.14.19
20.14,20.14.2
20.14,20.14.21
20.14,20.14.22
20.14,20.14.23
20.14,20.14.24
20.14,20.14.3
20.14,20.14.31
20.14,20.14.32
20.14,20.14.33
20.14,20.14.34
20.14,20.14.4
20.14,20.14.41
20.14,20.14.42
20.14,20.14.43
20.14,20.14.44
20.14,20.14.5
20.14,20.14.51
20.14,20.14.52
20.14,20.14.53
20.14,20.14.6
20.14,20.14.61
20.14,20.14.62
20.14,20.14.63
20.14,20.14.64
20.14,20.14.7
20.14,20.14.71
20.14,20.14.72
20.14,20.14.73
20.14,20.14.74
20.14,20.14.75
20.14,20.14.8
20.14,20.14.80
20.14,20.14.9
20.14,20.14.99
20.15,20.15
20.15,20.15.1
20.15,20.15.10
20.15,20.15.2
20.15,20.15.20
20.15,20.15.3
20.15,20.15.31
20.15,20.15.32
20.15,20.15.33
20.15,20.15.34
20.15,20.15.35
20.15,20.15.36
20.15,20.15.39
20.15,20.15.4
20.15,20.15.41
20.15,20.15.49
20.15,20.15.5
20.15,20.15.51
20.15,20.15.52
20.15,20.15.59
20.15,20.15.6
20.15,20.15.60
20.15,20.15.7
20.15,20.15.71
20.15,20.15.72
20.15,20.15.73
20.15,20.15.74
20.15,20.15.75
20.15,20.15.76
20.15,20.15.79
20.15,20.15.8
20.15,20.15.80
20.15,20.15.9
20.15,20.15.99
20.16,20.16
20.16,20.16.1
20.16,20.16.10
20.16,20.16.2
20.16,20.16.20
20.16,20.16.3
20.16,20.16.30
20.16,20.16.4
20.16,20.16.40
20.16,20.16.5
20.16,20.16.51
20.16,20.16.52
20.16,20.16.53
20.16,20.16.54
20.16,20.16.55
20.16,20.16.56
20.16,20.16.57
20.16,20.16.59
20.16,20.16.9
20.16,20.16.99
20.17,20.17
20.17,20.17.1
20.17,20.17.10
20.17,20.17.9
20.17,20.17.99
20.2,20.2
20.20,20.20
20.20,20.20.1
20.20,20.20.11
20.20,20.20.12
20.20,20.20.13
20.20,20.20.14
20.20,20.20.15
20.20,20.20.16
20.20,20.20.19
20.20,20.20.9
20.20,20.20.99
20.3,20.3
20.30,20.30
20.30,20.30.1
20.30,20.30.11
20.30,20.30.12
20.30,20.30.2
20.30,20.30.21
20.30,20.30.22
20.30,20.30.23
20.30,20.30.24
20.30,20.30.9
20.30,20.30.99
20.4,20.4
20.41,20.41
20.41,20.41.1
20.41,20.41.10
20.41,20.41.2
20.41,20.41.20
20.41,20.41.3
20.41,20.41.31
20.41,20.41.32
20.41,20.41.4
20.41,20.41.41
20.41,20.41.42
20.41,20.41.43
20.41,20.41.44
20.41,20.41.9
20.41,20.41.99
20.42,20.42
20.42,20.42.1
20.42,20.42.11
20.42,20.42.12
20.42,20.42.13
20.42,20.42.14
20.42,20.42.15
20.42,20.42.16
20.42,20.42.17
20.42,20.42.18
20.42,20.42.19
20.42,20.42.9
20.42,20.42.99
20.5,20.5
20.51,20.51
20.51,20.51.1
20.51,20.51.11
20.51,20.51.12
20.51,20.51.13
20.51,20.51.14
20.51,20.51.2
20.51,20.51.20
20.51,20.51.9
20.51,20.51.99
20.52,20.52
20.52,20.52.1
20.52,20.52.10
20.52,20.52.9
20.52,20.52.99
20.53,20.53
20.53,20.53.1
20.53,20.53.10
20.53,20.53.9
20.53,20.53.99
20.59,20.59
20.59,20.59.1
20.59,20.59.11
20.59,20.59.12
20.59,20.59.2
20.59,20.59.20
20.59,20.59.3
20.59,20.59.30
20.59,20.59.4
20.59,20.59.41
20.59,20.59.42
20.59,20.59.43
20.59,20.59.5
20.59,20.59.51
20.59,20.59.52
20.59,20.59.53
20.59,20.59.54
20.59,20.59.55
20.59,20.59.56
20.59,20.59.57
20.59,20.59.58
20.59,20.59.59
20.59,20.59.6
20.59,20.59.60
20.59,20.59.9
20.59,20.59.99
20.6,20.6
20.60,20.60
20.60,20.60.1
20.60,20.60.11
20.60,20.60.12
20.60,20.60.13
20.60,20.60.14
20.60,20.60.2
20.60,20.60.21
20.60,20.60.22
20.60,20.60.23
20.60,20.60.24
20.60,20.60.9
20.60,20.60.99
21.1,21.1
21.10,21.10
21.10,21.10.1
21.10,21.10.10
21.10,21.10.2
21.10,21.10.20
21.10,21.10.3
21.10,21.10.31
21.10,21.10.32
21.10,21.10.4
21.10,21.10.40
21.10,21.10.5
21.10,21.10.51
21.10,21.10.52
21.10,21.10.53
21.10,21.10.54
21.10,21.10.6
21.10,21.10.60
21.10,21.10.9
21.10,21.10.99
21.2,21.2
21.20,21.20
21.20,21.20.1
21.20,21.20.11
21.20,21.20.12
21.20,21.20.13
21.20,21.20.2
21.20,21.20.21
21.20,21.20.22
21.20,21.20.23
21.20,21.20.24
21.20,21.20.9
21.20,21.20.99
22.1,22.1
22.11,22.11
22.11,22.11.1
22.11,22.11.11
22.11,22.11.12
22.11,22.11.13
22.11,22.11.14
22.11,22.11.15
22.11,22.11.16
22.11,22.11.2
22.11,22.11.20
22.11,22.11.9
22.11,22.11.99
22.19,22.19
22.19,22.19.1
22.19,22.19.10
22.19,22.19.2
22.19,22.19.20
22.19,22.19.3
22.19,22.19.30
22.19,22.19.4
22.19,22.19.40
22.19,22.19.5
22.19,22.19.50
22.19,22.19.6
22.19,22.19.60
22.19,22.19.7
22.19,22.19.71
22.19,22.19.72
22.19,22.19.73
22.19,22.19.9
22.19,22.19.99
22.2,22.2
22.21,22.21
22.21,22.21.1
22.21,22.21.10
22.21,22.21.2
22.21,22.21.21
22.21,22.21.29
22.21,22.21.3
22.21,22.21.30
22.21,22.21.4
22.21,22.21.41
22.21,22.21.42
22.21,22.21.9
22.21,22.21.99
22.22,22.22
22.22,22.22.1
22.22,22.22.11
22.22,22.22.12
22.22,22.22.13
22.22,22.22.14
22.22,22.22.19
22.22,22.22.9
22.22,22.22.99
22.23,22.23
22.23,22.23.1
22.23,22.23.11
22.23,22.23.12
22.23,22.23.13
22.23,22.23.14
22.23,22.23.15
22.23,22.23.19
22.23,22.23.2
22.23,22.23.20
22.23,22.23.9
22.23,22.23.99
22.29,22.29
22.29,22.29.1
22.29,22.29.10
22.29,22.29.2
22.29,22.29.21
22.29,22.29.22
22.29,22.29.23
22.29,22.29.24
22.29,22.29.25
22.29,22.29.26
22.29,22.29.29
22.29,22.29.9
22.29,22.29.91
22.29,22.29.99
23.1,23.1
23.11,23.11
23.11,23.11.1
23.11,23.11.11
23.11,23.11.12
23.11,23.11.9
23.11,23.11.99
23.12,23.12
23.12,23.12.1
23.12,23.12.11
23.12,23.12.12
23.12,23.12.13
23.12,23.12.9
23.12,23.12.99
23.13,23.13
23.13,23.13.1
23.13,23.13.11
23.13,23.13.12
23.13,23.13.13
23.13,23.13.14
23.13,23.13.9
23.13,23.13.91
23.13,23.13.92
23.13,23.13.99
23.14,23.14
23.14,23.14.1
23.14,23.14.11
23.14,23.14.12
23.14,23.14.9
23.14,23.14.99
23.19,23.19
23.19,23.19.1
23.19,23.19.11
23.19,23.19.12
23.19,23.19.2
23.19,23.19.21
23.19,23.19.22
23.19,23.19.23
23.19,23.19.24
23.19,23.19.25
23.19,23.19.26
23.19,23.19.9
23.19,23.19.91
23.19,23.19.99
23.2,23.2
23.20,23.20
23.20,23.20.1
23.20,23.20.11
23.20,23.20.12
23.20,23.20.13
23.20,23.20.14
23.20,23.20.9
23.20,23.20.99
23.3,23.3
23.31,23.31
23.31,23.31.1
23.31,23.31.10
23.31,23.31.9
23.31,23.31.99
23.32,23.32
23.32,23.32.1
23.32,23.32.11
23.32,23.32.12
23.32,23.32.13
23.32,23.32.9
23.32,23.32.99
23.4,23.4
23.41,23.41
23.41,23.41.1
23.41,23.41.11
23.41,23.41.12
23.41,23.41.13
23.41,23.41.9
23.41,23.41.99
23.42,23.42
23.42,23.42.1
23.42,23.42.10
23.42,23.42.9
23.42,23.42.99
23.43,23.43
23.43,23.43.1
23.43,23.43.10
23.43,23.43.9
23.43,23.43.99
23.44,23.44
23.44,23.44.1
23.44,23.44.11
23.44,23.44.12
23.44,23.44.9
23.44,23.44.99
23.49,23.49
23.49,23.49.1
23.49,23.49.11
23.49,23.49.12
23.49,23.49.9
23.49,23.49.99
23.5,23.5
23.51,23.51
23.51,23.51.1
23.51,23.51.11
23.51,23.51.12
23.51,23.51.9
23.51,23.51.99
23.52,23.52
23.52,23.52.1
23.52,23.52.10
23.52,23.52.2
23.52,23.52.20
23.52,23.52.3
23.52,23.52.30
23.52,23.52.9
23.52,23.52.99
23.6,23.6
23.61,23.61
23.61,23.61.1
23.61,23.61.11
23.61,23.61.12
23.61,23.61.2
23.61,23.61.20
23.61,23.61.9
23.61,23.61.99
23.62,23.62
23.62,23.62.1
23.62,23.62.10
23.62,23.62.9
23.62,23.62.99
23.63,23.63
23.63,23.63.1
23.63,23.63.10
23.63,23.63.9
23.63,23.63.99
23.64,23.64
23.64,23.64.1
23.64,23.64.10
23.64,23.64.9
23.64,23.64.99
23.65,23.65
23.65,23.65.1
23.65,23.65.11
23.65,23.65.12
23.65,23.65.9
23.65,23.65.99
23.69,23.69
23.69,23.69.1
23.69,23.69.11
23.69,23.69.19
23.69,23.69.9
23.69,23.69.99
23.7,23.7
23.70,23.70
23.70,23.70.1
23.70,23.70.11
23.70,23.70.12
23.70,23.70.9
23.70,23.70.99
23.9,23.9
23.91,23.91
23.91,23.91.1
23.91,23.91.11
23.91,23.91.12
23.91,23.91.9
23.91,23.91.99
23.99,23.99
23.99,23.99.1
23.99,23.99.11
23.99,23.99.12
23.99,23.99.13
23.99,23.99.14
23.99,23.99.15
23.99,23.99.19
23.99,23.99.9
23.99,23.99.99
24.1,24.1
24.10,24.10
24.10,24.10.1
24.10,24.10.11
24.10,24.10.12
24.10,24.10.13
24.10,24.10.14
24.10,24.10.2
24.10,24.10.21
24.10,24.10.22
24.10,24.10.23
24.10,24.10.3
24.10,24.10.31
24.10,24.10.32
24.10,24.10.33
24.10,24.10.34
24.10,24.10.35
24.10,24.10.36
24.10,24.10.4
24.10,24.10.41
24.10,24.10.42
24.10,24.10.43
24.10,24.10.5
24.10,24.10.51
24.10,24.10.52
24.10,24.10.53
24.10,24.10.54
24.10,24.10.55
24.10,24.10.6
24.10,24.10.61
24.10,24.10.62
24.10,24.10.63
24.10,24.10.64
24.10,24.10.65
24.10,24.10.66
24.10,24.10.67
24.10,24.10.7
24.10,24.10.71
24.10,24.10.72
24.10,24.10.73
24.10,24.10.74
24.10,24.10.75
24.10,24.10.9
24.10,24.10.99
24.2,24.2
24.20,24.20
24.20,24.20.1
24.20,24.20.11
24.20,24.20.12
24.20,24.20.13
24.20,24.20.14
24.20,24.20.2
24.20,24.20.21
24.20,24.20.22
24.20,24.20.23
24.20,24.20.24
24.20,24.20.3
24.20,24.20.31
24.20,24.20.32
24.20,24.20.33
24.20,24.20.34
24.20,24.20.35
24.20,24.20.4
24.20,24.20.40
24.20,24.20.9
24.20,24.20.99
24.3,24.3
24.31,24.31
24.31,24.31.1
24.31,24.31.10
24.31,24.31.2
24.31,24.31.20
24.31,24.31.3
24.31,24.31.30
24.31,24.31.9
24.31,24.31.99
24.32,24.32
24.32,24.32.1
24.32,24.32.10
24.32,24.32.2
24.32,24.32.20
24.32,24.32.9
24.32,24.32.99
24.33,24.33
24.33,24.33.1
24.33,24.33.11
24.33,24.33.12
24.33,24.33.2
24.33,24.33.20
24.33,24.33.3
24.33,24.33.30
24.33,24.33.9
24.33,24.33.99
24.34,24.34
24.34,24.34.1
24.34,24.34.11
24.34,24.34.12
24.34,24.34.13
24.34,24.34.9
24.34,24.34.99
24.4,24.4
24.41,24.41
24.41,24.41.1
24.41,24.41.10
24.41,24.41.2
24.41,24.41.20
24.41,24.41.3
24.41,24.41.30
24.41,24.41.4
24.41,24.41.40
24.41,24.41.5
24.41,24.41.50
24.41,24.41.9
24.41,24.41.99
24.42,24.42
24.42,24.42.1
24.42,24.42.11
24.42,24.42.12
24.42,24.42.2
24.42,24.42.21
24.42,24.42.22
24.42,24.42.23
24.42,24.42.24
24.42,24.42.25
24.42,24.42.26
24.42,24.42.9
24.42,24.42.99
24.43,24.43
24.43,24.43.1
24.43,24.43.11
24.43,24.43.12
24.43,24.43.13
24.43,24.43.2
24.43,24.43.21
24.43,24.43.22
24.43,24.43.23
24.43,24.43.24
24.43,24.43.9
24.43,24.43.99
24.44,24.44
24.44,24.44.1
24.44,24.44.11
24.44,24.44.12
24.44,24.44.13
24.44,24.44.2
24.44,24.44.21
24.44,24.44.22
24.44,24.44.23
24.44,24.44.24
24.44,24.44.25
24.44,24.44.26
24.44,24.44.9
24.44,24.44.99
24.45,24.45
24.45,24.45.1
24.45,24.45.11
24.45,24.45.12
24.45,24.45.2
24.45,24.45.21
24.45,24.45.22
24.45,24.45.23
24.45,24.45.24
24.45,24.45.3
24.45,24.45.30
24.45,24.45.9
24.45,24.45.99
24.46,24.46
24.46,24.46.1
24.46,24.46.10
24.46,24.46.9
24.46,24.46.99
24.5,24.5
24.51,24.51
24.51,24.51.1
24.51,24.51.11
24.51,24.51.12
24.51,24.51.13
24.51,24.51.2
24.51,24.51.20
24.51,24.51.3
24.51,24.51.30
24.51,24.51.9
24.51,24.51.99
24.52,24.52
24.52,24.52.1
24.52,24.52.10
24.52,24.52.2
24.52,24.52.20
24.52,24.52.3
24.52,24.52.30
24.53,24.53
24.53,24.53.1
24.53,24.53.10
24.54,24.54
24.54,24.54.1
24.54,24.54.10
25.1,25.1
25.11,25.11
25.11,25.11.1
25.11,25.11.10
25.11,25.11.2
25.11,25.11.21
25.11,25.11.22
25.11,25.11.23
25.11,25.11.9
25.11,25.11.99
25.12,25.12
25.12,25.12.1
25.12,25.12.10
25.12,25.12.9
25.12,25.12.99
25.2,25.2
25.21,25.21
25.21,25.21.1
25.21,25.21.11
25.21,25.21.12
25.21,25.21.13
25.21,25.21.9
25.21,25.21.99
25.29,25.29
25.29,25.29.1
25.29,25.29.11
25.29,25.29.12
25.29,25.29.9
25.29,25.29.99
25.3,25.3
25.30,25.30
25.30,25.30.1
25.30,25.30.11
25.30,25.30.12
25.30,25.30.13
25.30,25.30.2
25.30,25.30.21
25.30,25.30.22
25.30,25.30.9
25.30,25.30.99
25.4,25.4
25.40,25.40
25.40,25.40.1
25.40,25.40.11
25.40,25.40.12
25.40,25.40.13
25.40,25.40.14
25.40,25.40.9
25.40,25.40.99
25.5,25.5
25.50,25.50
25.50,25.50.1
25.50,25.50.11
25.50,25.50.12
25.50,25.50.13
25.50,25.50.2
25.50,25.50.20
25.6,25.6
25.61,25.61
25.61,25.61.1
25.61,25.61.11
25.61,25.61.12
25.61,25.61.2
25.61,25.61.21
25.61,25.61.22
25.62,25.62
25.62,25.62.1
25.62,25.62.10
25.62,25.62.2
25.62,25.62.20
25.7,25.7
25.71,25.71
25.71,25.71.1
25.71,25.71.11
25.71,25.71.12
25.71,25.71.13
25.71,25.71.14
25.71,25.71.15
25.71,25.71.9
25.71,25.71.99
25.72,25.72
25.72,25.72.1
25.72,25.72.11
25.72,25.72.12
25.72,25.72.13
25.72,25.72.14
25.72,25.72.9
25.72,25.72.99
25.73,25.73
25.73,25.73.1
25.73,25.73.10
25.73,25.73.2
25.73,25.73.20
25.73,25.73.3
25.73,25.73.30
25.73,25.73.4
25.73,25.73.40
25.73,25.73.5
25.73,25.73.50
25.73,25.73.6
25.73,25.73.60
25.73,25.73.9
25.73,25.73.99
25.9,25.9
25.91,25.91
25.91,25.91.1
25.91,25.91.11
25.91,25.91.12
25.91,25.91.9
25.91,25.91.99
25.92,25.92
25.92,25.92.1
25.92,25.92.11
25.92,25.92.12
25.92,25.92.13
25.92,25.92.9
25.92,25.92.99
25.93,25.93
25.93,25.93.1
25.93,25.93.11
25.93,25.93.12
25.93,25.93.13
25.93,25.93.14
25.93,25.93.15
25.93,25.93.16
25.93,25.93.17
25.93,25.93.18
25.93,25.93.9
25.93,25.93.99
25.94,25.94
25.94,25.94.1
25.94,25.94.11
25.94,25.94.12
25.94,25.94.13
25.94,25.94.9
25.94,25.94.99
25.99,25.99
25.99,25.99.1
25.99,25.99.11
25.99,25.99.12
25.99,25.99.2
25.99,25.99.21
25.99,25.99.22
25.99,25.99.23
25.99,25.99.24
25.99,25.99.25
25.99,25.99.26
25.99,25.99.29
25.99,25.99.9
25.99,25.99.99
26.1,26.1
26.11,26.11
26.11,26.11.1
26.11,26.11.11
26.11,26.11.12
26.11,26.11.2
26.11,26.11.21
26.11,26.11.22
26.11,26.11.3
26.11,26.11.30
26.11,26.11.4
26.11,26.11.40
26.11,26.11.5
26.11,26.11.50
26.11,26.11.9
26.11,26.11.91
26.11,26.11.99
26.12,26.12
26.12,26.12.1
26.12,26.12.10
26.12,26.12.2
26.12,26.12.20
26.12,26.12.3
26.12,26.12.30
26.12,26.12.9
26.12,26.12.91
26.12,26.12.99
26.2,26.2
26.20,26.20
26.20,26.20.1
26.20,26.20.11
26.20,26.20.12
26.20,26.20.13
26.20,26.20.14
26.20,26.20.15
26.20,26.20.16
26.20,26.20.17
26.20,26.20.18
26.20,26.20.2
26.20,26.20.21
26.20,26.20.22
26.20,26.20.3
26.20,26.20.30
26.20,26.20.4
26.20,26.20.40
26.20,26.20.9
26.20,26.20.91
26.20,26.20.99
26.3,26.3
26.30,26.30
26.30,26.30.1
26.30,26.30.11
26.30,26.30.12
26.30,26.30.13
26.30,26.30.2
26.30,26.30.21
26.30,26.30.22
26.30,26.30.23
26.30,26.30.3
26.30,26.30.30
26.30,26.30.4
26.30,26.30.40
26.30,26.30.5
26.30,26.30.50
26.30,26.30.6
26.30,26.30.60
26.30,26.30.9
26.30,26.30.99
26.4,26.4
26.40,26.40
26.40,26.40.1
26.40,26.40.11
26.40,26.40.12
26.40,26.40.2
26.40,26.40.20
26.40,26.40.3
26.40,26.40.31
26.40,26.40.32
26.40,26.40.33
26.40,26.40.34
26.40,26.40.4
26.40,26.40.41
26.40,26.40.42
26.40,26.40.43
26.40,26.40.44
26.40,26.40.5
26.40,26.40.51
26.40,26.40.52
26.40,26.40.6
26.40,26.40.60
26.40,26.40.9
26.40,26.40.99
26.5,26.5
26.51,26.51
26.51,26.51.1
26.51,26.51.11
26.51,26.51.12
26.51,26.51.2
26.51,26.51.20
26.51,26.51.3
26.51,26.51.31
26.51,26.51.32
26.51,26.51.33
26.51,26.51.4
26.51,26.51.41
26.51,26.51.42
26.51,26.51.43
26.51,26.51.44
26.51,26.51.45
26.51,26.51.5
26.51,26.51.51
26.51,26.51.52
26.51,26.51.53
26.51,26.51.6
26.51,26.51.61
26.51,26.51.62
26.51,26.51.63
26.51,26.51.64
26.51,26.51.65
26.51,26.51.66
26.51,26.51.7
26.51,26.51.70
26.51,26.51.8
26.51,26.51.81
26.51,26.51.82
26.51,26.51.83
26.51,26.51.84
26.51,26.51.85
26.51,26.51.86
26.51,26.51.9
26.51,26.51.99
26.52,26.52
26.52,26.52.1
26.52,26.52.11
26.52,26.52.12
26.52,26.52.13
26.52,26.52.14
26.52,26.52.2
26.52,26.52.21
26.52,26.52.22
26.52,26.52.23
26.52,26.52.24
26.52,26.52.9
26.52,26.52.99
26.6,26.6
26.60,26.60
26.60,26.60.1
26.60,26.60.11
26.60,26.60.12
26.60,26.60.13
26.60,26.60.14
26.60,26.60.9
26.60,26.60.91
26.60,26.60.99
26.7,26.7
26.70,26.70
26.70,26.70.1
26.70,26.70.11
26.70,26.70.12
26.70,26.70.13
26.70,26.70.14
26.70,26.70.15
26.70,26.70.16
26.70,26.70.19
26.70,26.70.2
26.70,26.70.21
26.70,26.70.22
26.70,26.70.23
26.70,26.70.24
26.70,26.70.25
26.70,26.70.26
26.70,26.70.9
26.70,26.70.99
26.8,26.8
26.80,26.80
26.80,26.80.1
26.80,26.80.11
26.80,26.80.12
26.80,26.80.13
26.80,26.80.14
26.80,26.80.9
26.80,26.80.99
27.1,27.1
27.11,27.11
27.11,27.11.1
27.11,27.11.10
27.11,27.11.2
27.11,27.11.21
27.11,27.11.22
27.11,27.11.23
27.11,27.11.24
27.11,27.11.25
27.11,27.11.26
27.11,27.11.3
27.11,27.11.31
27.11,27.11.32
27.11,27.11.4
27.11,27.11.41
27.11,27.11.42
27.11,27.11.43
27.11,27.11.5
27.11,27.11.50
27.11,27.11.6
27.11,27.11.61
27.11,27.11.62
27.11,27.11.9
27.11,27.11.99
27.12,27.12
27.12,27.12.1
27.12,27.12.10
27.12,27.12.2
27.12,27.12.21
27.12,27.12.22
27.12,27.12.23
27.12,27.12.24
27.12,27.12.3
27.12,27.12.31
27.12,27.12.32
27.12,27.12.4
27.12,27.12.40
27.12,27.12.9
27.12,27.12.99
27.2,27.2
27.20,27.20
27.20,27.20.1
27.20,27.20.11
27.20,27.20.12
27.20,27.20.2
27.20,27.20.21
27.20,27.20.22
27.20,27.20.23
27.20,27.20.24
27.20,27.20.9
27.20,27.20.99
27.3,27.3
27.31,27.31
27.31,27.31.1
27.31,27.31.11
27.31,27.31.12
27.31,27.31.9
27.31,27.31.99
27.32,27.32
27.32,27.32.1
27.32,27.32.11
27.32,27.32.12
27.32,27.32.13
27.32,27.32.14
27.32,27.32.9
27.32,27.32.99
27.33,27.33
27.33,27.33.1
27.33,27.33.11
27.33,27.33.12
27.33,27.33.13
27.33,27.33.14
27.33,27.33.9
27.33,27.33.99
27.4,27.4
27.40,27.40
27.40,27.40.1
27.40,27.40.11
27.40,27.40.12
27.40,27.40.13
27.40,27.40.14
27.40,27.40.15
27.40,27.40.2
27.40,27.40.21
27.40,27.40.22
27.40,27.40.23
27.40,27.40.24
27.40,27.40.25
27.40,27.40.3
27.40,27.40.30
27.40,27.40.4
27.40,27.40.41
27.40,27.40.42
27.40,27.40.9
27.40,27.40.99
27.5,27.5
27.51,27.51
27.51,27.51.1
27.51,27.51.11
27.51,27.51.12
27.51,27.51.13
27.51,27.51.14
27.51,27.51.15
27.51,27.51.2
27.51,27.51.21
27.51,27.51.22
27.51,27.51.23
27.51,27.51.24
27.51,27.51.25
27.51,27.51.26
27.51,27.51.27
27.51,27.51.28
27.51,27.51.29
27.51,27.51.3
27.51,27.51.30
27.51,27.51.9
27.51,27.51.99
27.52,27.52
27.52,27.52.1
27.52,27.52.11
27.52,27.52.12
27.52,27.52.13
27.52,27.52.14
27.52,27.52.2
27.52,27.52.20
27.52,27.52.9
27.52,27.52.99
27.9,27.9
27.90,27.90
27.90,27.90.1
27.90,27.90.11
27.90,27.90.12
27.90,27.90.13
27.90,27.90.2
27.90,27.90.20
27.90,27.90.3
27.90,27.90.31
27.90,27.90.32
27.90,27.90.33
27.90,27.90.4
27.90,27.90.41
27.90,27.90.42
27.90,27.90.43
27.90,27.90.44
27.90,27.90.45
27.90,27.90.5
27.90,27.90.51
27.90,27.90.52
27.90,27.90.53
27.90,27.90.6
27.90,27.90.60
27.90,27.90.7
27.90,27.90.70
27.90,27.90.8
27.90,27.90.81
27.90,27.90.82
27.90,27.90.9
27.90,27.90.99
28.1,28.1
28.11,28.11
28.11,28.11.1
28.11,28.11.11
28.11,28.11.12
28.11,28.11.13
28.11,28.11.2
28.11,28.11.21
28.11,28.11.22
28.11,28.11.23
28.11,28.11.24
28.11,28.11.3
28.11,28.11.31
28.11,28.11.32
28.11,28.11.33
28.11,28.11.4
28.11,28.11.41
28.11,28.11.42
28.11,28.11.9
28.11,28.11.99
28.12,28.12
28.12,28.12.1
28.12,28.12.11
28.12,28.12.12
28.12,28.12.13
28.12,28.12.14
28.12,28.12.15
28.12,28.12.16
28.12,28.12.2
28.12,28.12.20
28.12,28.12.9
28.12,28.12.99
28.13,28.13
28.13,28.13.1
28.13,28.13.11
28.13,28.13.12
28.13,28.13.13
28.13,28.13.14
28.13,28.13.2
28.13,28.13.21
28.13,28.13.22
28.13,28.13.23
28.13,28.13.24
28.13,28.13.25
28.13,28.13.26
28.13,28.13.27
28.13,28.13.28
28.13,28.13.3
28.13,28.13.31
28.13,28.13.32
28.13,28.13.9
28.13,28.13.99
28.14,28.14
28.14,28.14.1
28.14,28.14.11
28.14,28.14.12
28.14,28.14.13
28.14,28.14.2
28.14,28.14.20
28.14,28.14.9
28.14,28.14.99
28.15,28.15
28.15,28.15.1
28.15,28.15.10
28.15,28.15.2
28.15,28.15.21
28.15,28.15.22
28.15,28.15.23
28.15,28.15.24
28.15,28.15.25
28.15,28.15.26
28.15,28.15.3
28.15,28.15.31
28.15,28.15.32
28.15,28.15.39
28.15,28.15.9
28.15,28.15.99
28.2,28.2
28.21,28.21
28.21,28.21.1
28.21,28.21.11
28.21,28.21.12
28.21,28.21.13
28.21,28.21.14
28.21,28.21.9
28.21,28.21.99
28.22,28.22
28.22,28.22.1
28.22,28.22.11
28.22,28.22.12
28.22,28.22.13
28.22,28.22.14
28.22,28.22.15
28.22,28.22.16
28.22,28.22.17
28.22,28.22.18
28.22,28.22.19
28.22,28.22.2
28.22,28.22.20
28.22,28.22.9
28.22,28.22.99
28.23,28.23
28.23,28.23.1
28.23,28.23.10
28.23,28.23.2
28.23,28.23.21
28.23,28.23.22
28.23,28.23.9
28.23,28.23.91
28.23,28.23.99
28.24,28.24
28.24,28.24.1
28.24,28.24.11
28.24,28.24.12
28.24,28.24.2
28.24,28.24.21
28.24,28.24.22
28.24,28.24.9
28.24,28.24.99
28.25,28.25
28.25,28.25.1
28.25,28.25.11
28.25,28.25.12
28.25,28.25.13
28.25,28.25.14
28.25,28.25.2
28.25,28.25.20
28.25,28.25.3
28.25,28.25.30
28.25,28.25.9
28.25,28.25.99
28.29,28.29
28.29,28.29.1
28.29,28.29.11
28.29,28.29.12
28.29,28.29.13
28.29,28.29.2
28.29,28.29.21
28.29,28.29.22
28.29,28.29.23
28.29,28.29.3
28.29,28.29.31
28.29,28.29.32
28.29,28.29.39
28.29,28.29.4
28.29,28.29.41
28.29,28.29.42
28.29,28.29.43
28.29,28.29.5
28.29,28.29.50
28.29,28.29.6
28.29,28.29.60
28.29,28.29.7
28.29,28.29.70
28.29,28.29.8
28.29,28.29.81
28.29,28.29.82
28.29,28.29.83
28.29,28.29.84
28.29,28.29.85
28.29,28.29.86
28.29,28.29.9
28.29,28.29.99
28.3,28.3
28.30,28.30
28.30,28.30.1
28.30,28.30.10
28.30,28.30.2
28.30,28.30.21
28.30,28.30.22
28.30,28.30.23
28.30,28.30.3
28.30,28.30.31
28.30,28.30.32
28.30,28.30.33
28.30,28.30.34
28.30,28.30.39
28.30,28.30.4
28.30,28.30.40
28.30,28.30.5
28.30,28.30.51
28.30,28.30.52
28.30,28.30.53
28.30,28.30.54
28.30,28.30.59
28.30,28.30.6
28.30,28.30.60
28.30,28.30.7
28.30,28.30.70
28.30,28.30.8
28.30,28.30.81
28.30,28.30.82
28.30,28.30.83
28.30,28.30.84
28.30,28.30.85
28.30,28.30.86
28.30,28.30.9
28.30,28.30.91
28.30,28.30.92
28.30,28.30.93
28.30,28.30.94
28.30,28.30.99
28.4,28.4
28.41,28.41
28.41,28.41.1
28.41,28.41.11
28.41,28.41.12
28.41,28.41.2
28.41,28.41.21
28.41,28.41.22
28.41,28.41.23
28.41,28.41.24
28.41,28.41.3
28.41,28.41.31
28.41,28.41.32
28.41,28.41.33
28.41,28.41.34
28.41,28.41.4
28.41,28.41.40
28.41,28.41.9
28.41,28.41.99
28.49,28.49
28.49,28.49.1
28.49,28.49.11
28.49,28.49.12
28.49,28.49.13
28.49,28.49.2
28.49,28.49.21
28.49,28.49.22
28.49,28.49.23
28.49,28.49.24
28.49,28.49.9
28.49,28.49.99
28.9,28.9
28.91,28.91
28.91,28.91.1
28.91,28.91.11
28.91,28.91.12
28.91,28.91.9
28.91,28.91.99
28.92,28.92
28.92,28.92.1
28.92,28.92.11
28.92,28.92.12
28.92,28.92.2
28.92,28.92.21
28.92,28.92.22
28.92,28.92.23
28.92,28.92.24
28.92,28.92.25
28.92,28.92.26
28.92,28.92.27
28.92,28.92.28
28.92,28.92.3
28.92,28.92.30
28.92,28.92.4
28.92,28.92.40
28.92,28.92.5
28.92,28.92.50
28.92,28.92.6
28.92,28.92.61
28.92,28.92.62
28.92,28.92.9
28.92,28.92.99
28.93,28.93
28.93,28.93.1
28.93,28.93.11
28.93,28.93.12
28.93,28.93.13
28.93,28.93.14
28.93,28.93.15
28.93,28.93.16
28.93,28.93.17
28.93,28.93.18
28.93,28.93.2
28.93,28.93.20
28.93,28.93.3
28.93,28.93.31
28.93,28.93.32
28.93,28.93.33
28.93,28.93.34
28.93,28.93.9
28.93,28.93.99
28.94,28.94
28.94,28.94.1
28.94,28.94.11
28.94,28.94.12
28.94,28.94.13
28.94,28.94.14
28.94,28.94.15
28.94,28.94.2
28.94,28.94.21
28.94,28.94.22
28.94,28.94.23
28.94,28.94.24
28.94,28.94.3
28.94,28.94.30
28.94,28.94.4
28.94,28.94.40
28.94,28.94.5
28.94,28.94.51
28.94,28.94.52
28.94,28.94.9
28.94,28.94.99
28.95,28.95
28.95,28.95.1
28.95,28.95.11
28.95,28.95.12
28.95,28.95.9
28.95,28.95.99
28.96,28.96
28.96,28.96.1
28.96,28.96.10
28.96,28.96.2
28.96,28.96.20
28.96,28.96.9
28.96,28.96.99
28.99,28.99
28.99,28.99.1
28.99,28.99.11
28.99,28.99.12
28.99,28.99.13
28.99,28.99.14
28.99,28.99.2
28.99,28.99.20
28.99,28.99.3
28.99,28.99.31
28.99,28.99.32
28.99,28.99.39
28.99,28.99.4
28.99,28.99.40
28.99,28.99.5
28.99,28.99.51
28.99,28.99.52
28.99,28.99.9
28.99,28.99.99
29.1,29.1
29.10,29.10
29.10,29.10.1
29.10,29.10.11
29.10,29.10.12
29.10,29.10.13
29.10,29.10.2
29.10,29.10.21
29.10,29.10.22
29.10,29.10.23
29.10,29.10.24
29.10,29.10.3
29.10,29.10.30
29.10,29.10.4
29.10,29.10.41
29.10,29.10.42
29.10,29.10.43
29.10,29.10.44
29.10,29.10.5
29.10,29.10.51
29.10,29.10.52
29.10,29.10.59
29.10,29.10.9
29.10,29.10.99
29.2,29.2
29.20,29.20
29.20,29.20.1
29.20,29.20.10
29.20,29.20.2
29.20,29.20.21
29.20,29.20.22
29.20,29.20.23
29.20,29.20.3
29.20,29.20.30
29.20,29.20.4
29.20,29.20.40
29.20,29.20.5
29.20,29.20.50
29.20,29.20.9
29.20,29.20.99
29.3,29.3
29.31,29.31
29.31,29.31.1
29.31,29.31.10
29.31,29.31.2
29.31,29.31.21
29.31,29.31.22
29.31,29.31.23
29.31,29.31.3
29.31,29.31.30
29.31,29.31.9
29.31,29.31.99
29.32,29.32
29.32,29.32.1
29.32,29.32.10
29.32,29.32.2
29.32,29.32.20
29.32,29.32.3
29.32,29.32.30
29.32,29.32.9
29.32,29.32.91
29.32,29.32.92
29.32,29.32.99
30.1,30.1
30.11,30.11
30.11,30.11.1
30.11,30.11.10
30.11,30.11.2
30.11,30.11.21
30.11,30.11.22
30.11,30.11.23
30.11,30.11.24
30.11,30.11.3
30.11,30.11.31
30.11,30.11.32
30.11,30.11.33
30.11,30.11.4
30.11,30.11.40
30.11,30.11.5
30.11,30.11.50
30.11,30.11.9
30.11,30.11.91
30.11,30.11.92
30.11,30.11.99
30.12,30.12
30.12,30.12.1
30.12,30.12.11
30.12,30.12.12
30.12,30.12.19
30.12,30.12.9
30.12,30.12.99
30.2,30.2
30.20,30.20
30.20,30.20.1
30.20,30.20.11
30.20,30.20.12
30.20,30.20.13
30.20,30.20.2
30.20,30.20.20
30.20,30.20.3
30.20,30.20.31
30.20,30.20.32
30.20,30.20.33
30.20,30.20.4
30.20,30.20.40
30.20,30.20.9
30.20,30.20.91
30.20,30.20.99
30.3,30.3
30.30,30.30
30.30,30.30.1
30.30,30.30.11
30.30,30.30.12
30.30,30.30.13
30.30,30.30.14
30.30,30.30.15
30.30,30.30.16
30.30,30.30.2
30.30,30.30.20
30.30,30.30.3
30.30,30.30.31
30.30,30.30.32
30.30,30.30.33
30.30,30.30.34
30.30,30.30.4
30.30,30.30.40
30.30,30.30.5
30.30,30.30.50
30.30,30.30.6
30.30,30.30.60
30.30,30.30.9
30.30,30.30.99
30.4,30.4
30.40,30.40
30.40,30.40.1
30.40,30.40.10
30.40,30.40.9
30.40,30.40.99
30.9,30.9
30.91,30.91
30.91,30.91.1
30.91,30.91.11
30.91,30.91.12
30.91,30.91.13
30.91,30.91.2
30.91,30.91.20
30.91,30.91.3
30.91,30.91.31
30.91,30.91.32
30.91,30.91.9
30.91,30.91.99
30.92,30.92
30.92,30.92.1
30.92,30.92.10
30.92,30.92.2
30.92,30.92.20
30.92,30.92.3
30.92,30.92.30
30.92,30.92.4
30.92,30.92.40
30.92,30.92.9
30.92,30.92.99
30.99,30.99
30.99,30.99.1
30.99,30.99.10
30.99,30.99.9
30.99,30.99.99
31.0,31.0
31.00,31.00
31.0,31.00.1
31.0,31.00.11
31.0,31.00.12
31.0,31.00.13
31.0,31.00.14
31.0,31.00.2
31.0,31.00.20
31.0,31.00.9
31.0,31.00.91
31.0,31.00.99
31.01,31.01
31.01,31.01.1
31.01,31.01.11
31.01,31.01.12
31.01,31.01.13
31.01,31.01.9
31.01,31.01.99
31.02,31.02
31.02,31.02.1
31.02,31.02.10
31.02,31.02.9
31.02,31.02.99
31.03,31.03
31.03,31.03.1
31.03,31.03.11
31.03,31.03.12
31.03,31.03.9
31.03,31.03.99
31.09,31.09
31.09,31.09.1
31.09,31.09.11
31.09,31.09.12
31.09,31.09.13
31.09,31.09.14
31.09,31.09.9
31.09,31.09.91
31.09,31.09.99
32.1,32.1
32.11,32.11
32.11,32.11.1
32.11,32.11.10
32.11,32.11.9
32.11,32.11.99
32.12,32.12
32.12,32.12.1
32.12,32.12.11
32.12,32.12.12
32.12,32.12.13
32.12,32.12.14
32.12,32.12.9
32.12,32.12.99
32.13,32.13
32.13,32.13.1
32.13,32.13.10
32.13,32.13.9
32.13,32.13.99
32.2,32.2
32.20,32.20
32.20,32.20.1
32.20,32.20.11
32.20,32.20.12
32.20,32.20.13
32.20,32.20.14
32.20,32.20.15
32.20,32.20.16
32.20,32.20.2
32.20,32.20.20
32.20,32.20.9
32.20,32.20.99
32.3,32.3
32.30,32.30
32.30,32.30.1
32.30,32.30.11
32.30,32.30.12
32.30,32.30.13
32.30,32.30.14
32.30,32.30.15
32.30,32.30.16
32.30,32.30.9
32.30,32.30.99
32.4,32.4
32.40,32.40
32.40,32.40.1
32.40,32.40.11
32.40,32.40.12
32.40,32.40.13
32.40,32.40.2
32.40,32.40.20
32.40,32.40.3
32.40,32.40.31
32.40,32.40.32
32.40,32.40.39
32.40,32.40.4
32.40,32.40.41
32.40,32.40.42
32.40,32.40.9
32.40,32.40.99
32.5,32.5
32.50,32.50
32.50,32.50.1
32.50,32.50.11
32.50,32.50.12
32.50,32.50.13
32.50,32.50.2
32.50,32.50.21
32.50,32.50.22
32.50,32.50.23
32.50,32.50.3
32.50,32.50.30
32.50,32.50.4
32.50,32.50.41
32.50,32.50.42
32.50,32.50.43
32.50,32.50.44
32.50,32.50.5
32.50,32.50.50
32.50,32.50.9
32.50,32.50.99
32.9,32.9
32.91,32.91
32.91,32.91.1
32.91,32.91.11
32.91,32.91.12
32.91,32.91.19
32.91,32.91.9
32.91,32.91.99
32.99,32.99
32.99,32.99.1
32.99,32.99.11
32.99,32.99.12
32.99,32.99.13
32.99,32.99.14
32.99,32.99.15
32.99,32.99.16
32.99,32.99.2
32.99,32.99.21
32.99,32.99.22
32.99,32.99.23
32.99,32.99.24
32.99,32.99.3
32.99,32.99.30
32.99,32.99.4
32.99,32.99.41
32.99,32.99.42
32.99,32.99.43
32.99,32.99.5
32.99,32.99.51
32.99,32.99.52
32.99,32.99.53
32.99,32.99.54
32.99,32.99.55
32.99,32.99.59
32.99,32.99.6
32.99,32.99.60
32.99,32.99.9
32.99,32.99.99
33.1,33.1
33.11,33.11
33.11,33.11.1
33.11,33.11.11
33.11,33.11.12
33.11,33.11.13
33.11,33.11.14
33.11,33.11.19
33.12,33.12
33.12,33.12.1
33.12,33.12.11
33.12,33.12.12
33.12,33.12.13
33.12,33.12.14
33.12,33.12.15
33.12,33.12.16
33.12,33.12.17
33.12,33.12.18
33.12,33.12.19
33.12,33.12.2
33.12,33.12.21
33.12,33.12.22
33.12,33.12.23
33.12,33.12.24
33.12,33.12.25
33.12,33.12.26
33.12,33.12.27
33.12,33.12.28
33.12,33.12.29
33.13,33.13
33.13,33.13.1
33.13,33.13.11
33.13,33.13.12
33.13,33.13.13
33.13,33.13.19
33.14,33.14
33.14,33.14.1
33.14,33.14.11
33.14,33.14.19
33.15,33.15
33.15,33.15.1
33.15,33.15.10
33.16,33.16
33.16,33.16.1
33.16,33.16.10
33.17,33.17
33.17,33.17.1
33.17,33.17.11
33.17,33.17.19
33.19,33.19
33.19,33.19.1
33.19,33.19.10
33.2,33.2
33.20,33.20
33.20,33.20.1
33.20,33.20.11
33.20,33.20.12
33.20,33.20.2
33.20,33.20.21
33.20,33.20.29
33.20,33.20.3
33.20,33.20.31
33.20,33.20.32
33.20,33.20.33
33.20,33.20.34
33.20,33.20.35
33.20,33.20.36
33.20,33.20.37
33.20,33.20.38
33.20,33.20.39
33.20,33.20.4
33.20,33.20.41
33.20,33.20.42
33.20,33.20.5
33.20,33.20.50
33.20,33.20.6
33.20,33.20.60
33.20,33.20.7
33.20,33.20.70
35.1,35.1
35.11,35.11
35.11,35.11.1
35.11,35.11.10
35.12,35.12
35.12,35.12.1
35.12,35.12.10
35.13,35.13
35.13,35.13.1
35.13,35.13.10
35.14,35.14
35.14,35.14.1
35.14,35.14.10
35.2,35.2
35.21,35.21
35.21,35.21.1
35.21,35.21.10
35.22,35.22
35.22,35.22.1
35.22,35.22.10
35.23,35.23
35.23,35.23.1
35.23,35.23.10
35.3,35.3
35.30,35.30
35.30,35.30.1
35.30,35.30.11
35.30,35.30.12
35.30,35.30.2
35.30,35.30.21
35.30,35.30.22
36.0,36.0
36.00,36.00
36.00,36.00.1
36.00,36.00.11
36.00,36.00.12
36.00,36.00.2
36.00,36.00.20
36.00,36.00.3
36.00,36.00.30
37.0,37.0
37.00,37.00
37.00,37.00.1
37.00,37.00.11
37.00,37.00.12
37.00,37.00.2
37.00,37.00.20
38.1,38.1
38.11,38.11
38.11,38.11.1
38.11,38.11.11
38.11,38.11.19
38.11,38.11.2
38.11,38.11.21
38.11,38.11.29
38.11,38.11.3
38.11,38.11.31
38.11,38.11.39
38.11,38.11.4
38.11,38.11.41
38.11,38.11.49
38.11,38.11.5
38.11,38.11.51
38.11,38.11.52
38.11,38.11.53
38.11,38.11.54
38.11,38.11.55
38.11,38.11.56
38.11,38.11.57
38.11,38.11.58
38.11,38.11.59
38.11,38.11.6
38.11,38.11.61
38.11,38.11.69
38.12,38.12
38.12,38.12.1
38.12,38.12.11
38.12,38.12.12
38.12,38.12.13
38.12,38.12.2
38.12,38.12.21
38.12,38.12.22
38.12,38.12.23
38.12,38.12.24
38.12,38.12.25
38.12,38.12.26
38.12,38.12.27
38.12,38.12.29
38.12,38.12.3
38.12,38.12.30
38.2,38.2
38.21,38.21
38.21,38.21.1
38.21,38.21.10
38.21,38.21.2
38.21,38.21.21
38.21,38.21.22
38.21,38.21.23
38.21,38.21.29
38.21,38.21.3
38.21,38.21.30
38.21,38.21.4
38.21,38.21.40
38.21,38.21.5
38.21,38.21.50
38.22,38.22
38.22,38.22.1
38.22,38.22.11
38.22,38.22.19
38.22,38.22.2
38.22,38.22.21
38.22,38.22.29
38.3,38.3
38.31,38.31
38.31,38.31.1
38.31,38.31.11
38.31,38.31.12
38.32,38.32
38.32,38.32.1
38.32,38.32.11
38.32,38.32.12
38.32,38.32.13
38.32,38.32.2
38.32,38.32.21
38.32,38.32.22
38.32,38.32.23
38.32,38.32.24
38.32,38.32.25
38.32,38.32.29
38.32,38.32.3
38.32,38.32.31
38.32,38.32.32
38.32,38.32.33
38.32,38.32.34
38.32,38.32.35
38.32,38.32.39
39.0,39.0
39.00,39.00
39.00,39.00.1
39.00,39.00.11
39.00,39.00.12
39.00,39.00.13
39.00,39.00.14
39.00,39.00.2
39.00,39.00.21
39.00,39.00.22
39.00,39.00.23
41,41.0
41,41.00
41.20,41.00.1
41.20,41.00.11
41.20,41.00.12
41.20,41.00.13
41.20,41.00.14
41.20,41.00.2
41.20,41.00.21
41.20,41.00.22
41.20,41.00.23
41.20,41.00.24
41.20,41.00.25
41.20,41.00.26
41.20,41.00.27
41.20,41.00.28
41.20,41.00.29
41.20,41.00.3
41.20,41.00.31
41.20,41.00.32
41.20,41.00.33
41.20,41.00.34
41.20,41.00.4
41.20,41.00.41
41.20,41.00.42
41.20,41.00.43
41.20,41.00.44
41.20,41.00.45
41.20,41.00.46
41.20,41.00.47
41.20,41.00.48
41.20,41.00.49
42.1,42.1
42.11,42.11
42.11,42.11.1
42.11,42.11.10
42.11,42.11.2
42.11,42.11.20
42.12,42.12
42.12,42.12.1
42.12,42.12.10
42.12,42.12.2
42.12,42.12.20
42.13,42.13
42.13,42.13.1
42.13,42.13.10
42.13,42.13.2
42.13,42.13.20
42.2,42.2
42.21,42.21
42.21,42.21.1
42.21,42.21.11
42.21,42.21.12
42.21,42.21.13
42.21,42.21.2
42.21,42.21.21
42.21,42.21.22
42.21,42.21.23
42.21,42.21.24
42.22,42.22
42.22,42.22.1
42.22,42.22.11
42.22,42.22.12
42.22,42.22.13
42.22,42.22.2
42.22,42.22.21
42.22,42.22.22
42.22,42.22.23
42.9,42.9
42.91,42.91
42.91,42.91.1
42.91,42.91.10
42.91,42.91.2
42.91,42.91.20
42.99,42.99
42.99,42.99.1
42.99,42.99.11
42.99,42.99.12
42.99,42.99.19
42.99,42.99.2
42.99,42.99.21
42.99,42.99.22
42.99,42.99.29
43.1,43.1
43.11,43.11
43.11,43.11.1
43.11,43.11.10
43.12,43.12
43.12,43.12.1
43.12,43.12.11
43.12,43.12.12
43.13,43.13
43.13,43.13.1
43.13,43.13.10
43.2,43.2
43.21,43.21
43.21,43.21.1
43.21,43.21.10
43.22,43.22
43.22,43.22.1
43.22,43.22.11
43.22,43.22.12
43.22,43.22.2
43.22,43.22.20
43.29,43.29
43.29,43.29.1
43.29,43.29.11
43.29,43.29.12
43.29,43.29.19
43.3,43.3
43.31,43.31
43.31,43.31.1
43.31,43.31.10
43.32,43.32
43.32,43.32.1
43.32,43.32.10
43.33,43.33
43.33,43.33.1
43.33,43.33.10
43.33,43.33.2
43.33,43.33.21
43.33,43.33.29
43.34,43.34
43.34,43.34.1
43.34,43.34.10
43.34,43.34.2
43.34,43.34.20
43.39,43.39
43.39,43.39.1
43.39,43.39.11
43.39,43.39.19
43.9,43.9
43.91,43.91
43.91,43.91.1
43.91,43.91.11
43.91,43.91.19
43.99,43.99
43.99,43.99.1
43.99,43.99.10
43.99,43.99.2
43.99,43.99.20
43.99,43.99.3
43.99,43.99.30
43.99,43.99.4
43.99,43.99.40
43.99,43.99.5
43.99,43.99.50
43.99,43.99.6
43.99,43.99.60
43.99,43.99.7
43.99,43.99.70
43.99,43.99.9
43.99,43.99.90
45.1,45.1
45.11,45.11
45.11,45.11.1
45.11,45.11.11
45.11,45.11.12
45.11,45.11.2
45.11,45.11.21
45.11,45.11.22
45.11,45.11.23
45.11,45.11.24
45.11,45.11.3
45.11,45.11.31
45.11,45.11.39
45.11,45.11.4
45.11,45.11.41
45.11,45.11.49
45.19,45.19
45.19,45.19.1
45.19,45.19.11
45.19,45.19.12
45.19,45.19.2
45.19,45.19.21
45.19,45.19.22
45.19,45.19.3
45.19,45.19.31
45.19,45.19.39
45.19,45.19.4
45.19,45.19.41
45.19,45.19.49
45.2,45.2
45.20,45.20
45.20,45.20.1
45.20,45.20.11
45.20,45.20.12
45.20,45.20.13
45.20,45.20.14
45.20,45.20.2
45.20,45.20.21
45.20,45.20.22
45.20,45.20.23
45.20,45.20.3
45.20,45.20.30
45.3,45.3
45.31,45.31
45.31,45.31.1
45.31,45.31.11
45.31,45.31.12
45.31,45.31.2
45.31,45.31.20
45.32,45.32
45.32,45.32.1
45.32,45.32.11
45.32,45.32.12
45.32,45.32.2
45.32,45.32.21
45.32,45.32.22
45.32,45.32.29
45.4,45.4
45.40,45.40
45.40,45.40.1
45.40,45.40.10
45.40,45.40.2
45.40,45.40.20
45.40,45.40.3
45.40,45.40.30
45.40,45.40.4
45.40,45.40.40
45.40,45.40.5
45.40,45.40.50
46.1,46.1
46.11,46.11
46.11,46.11.1
46.11,46.11.11
46.11,46.11.12
46.11,46.11.19
46.12,46.12
46.12,46.12.1
46.12,46.12.11
46.12,46.12.12
46.12,46.12.13
46.13,46.13
46.13,46.13.1
46.13,46.13.11
46.13,46.13.12
46.14,46.14
46.14,46.14.1
46.14,46.14.11
46.14,46.14.12
46.14,46.14.19
46.15,46.15
46.15,46.15.1
46.15,46.15.11
46.15,46.15.12
46.15,46.15.13
46.15,46.15.19
46.16,46.16
46.16,46.16.1
46.16,46.16.11
46.16,46.16.12
46.16,46.16.13
46.17,46.17
46.17,46.17.1
46.17,46.17.11
46.17,46.17.12
46.17,46.17.13
46.18,46.18
46.18,46.18.1
46.18,46.18.11
46.18,46.18.12
46.18,46.18.19
46.19,46.19
46.19,46.19.1
46.19,46.19.10
46.2,46.2
46.21,46.21
46.21,46.21.1
46.21,46.21.11
46.21,46.21.12
46.21,46.21.13
46.21,46.21.14
46.21,46.21.19
46.21,46.21.2
46.21,46.21.20
46.22,46.22
46.22,46.22.1
46.22,46.22.10
46.23,46.23
46.23,46.23.1
46.23,46.23.10
46.24,46.24
46.24,46.24.1
46.24,46.24.10
46.3,46.3
46.31,46.31
46.31,46.31.1
46.31,46.31.11
46.31,46.31.12
46.32,46.32
46.32,46.32.1
46.32,46.32.11
46.32,46.32.12
46.33,46.33
46.33,46.33.1
46.33,46.33.11
46.33,46.33.12
46.33,46.33.13
46.34,46.34
46.34,46.34.1
46.34,46.34.11
46.34,46.34.12
46.35,46.35
46.35,46.35.1
46.35,46.35.10
46.36,46.36
46.36,46.36.1
46.36,46.36.11
46.36,46.36.12
46.36,46.36.13
46.37,46.37
46.37,46.37.1
46.37,46.37.10
46.38,46.38
46.38,46.38.1
46.38,46.38.10
46.38,46.38.2
46.38,46.38.21
46.38,46.38.29
46.39,46.39
46.39,46.39.1
46.39,46.39.11
46.39,46.39.12
46.4,46.4
46.41,46.41
46.41,46.41.1
46.41,46.41.11
46.41,46.41.12
46.41,46.41.13
46.41,46.41.14
46.42,46.42
46.42,46.42.1
46.42,46.42.11
46.42,46.42.12
46.43,46.43
46.43,46.43.1
46.43,46.43.11
46.43,46.43.12
46.43,46.43.13
46.43,46.43.14
46.44,46.44
46.44,46.44.1
46.44,46.44.11
46.44,46.44.12
46.45,46.45
46.45,46.45.1
46.45,46.45.10
46.46,46.46
46.46,46.46.1
46.46,46.46.11
46.46,46.46.12
46.47,46.47
46.47,46.47.1
46.47,46.47.11
46.47,46.47.12
46.47,46.47.13
46.48,46.48
46.48,46.48.1
46.48,46.48.10
46.49,46.49
46.49,46.49.1
46.49,46.49.11
46.49,46.49.12
46.49,46.49.19
46.49,46.49.2
46.49,46.49.21
46.49,46.49.22
46.49,46.49.23
46.49,46.49.3
46.49,46.49.31
46.49,46.49.32
46.49,46.49.33
46.49,46.49.34
46.49,46.49.35
46.49,46.49.36
46.49,46.49.39
46.5,46.5
46.51,46.51
46.51,46.51.1
46.51,46.51.10
46.52,46.52
46.52,46.52.1
46.52,46.52.11
46.52,46.52.12
46.52,46.52.13
46.6,46.6
46.61,46.61
46.61,46.61.1
46.61,46.61.11
46.61,46.61.12
46.62,46.62
46.62,46.62.1
46.62,46.62.11
46.62,46.62.12
46.62,46.62.19
46.63,46.63
46.63,46.63.1
46.63,46.63.10
46.64,46.64
46.64,46.64.1
46.64,46.64.10
46.65,46.65
46.65,46.65.1
46.65,46.65.10
46.66,46.66
46.66,46.66.1
46.66,46.66.10
46.69,46.69
46.69,46.69.1
46.69,46.69.11
46.69,46.69.12
46.69,46.69.13
46.69,46.69.14
46.69,46.69.15
46.69,46.69.16
46.69,46.69.19
46.7,46.7
46.71,46.71
46.71,46.71.1
46.71,46.71.11
46.71,46.71.12
46.71,46.71.13
46.72,46.72
46.72,46.72.1
46.72,46.72.11
46.72,46.72.12
46.72,46.72.13
46.72,46.72.14
46.73,46.73
46.73,46.73.1
46.73,46.73.11
46.73,46.73.12
46.73,46.73.13
46.73,46.73.14
46.73,46.73.15
46.73,46.73.16
46.73,46.73.17
46.73,46.73.18
46.74,46.74
46.74,46.74.1
46.74,46.74.11
46.74,46.74.12
46.74,46.74.13
46.75,46.75
46.75,46.75.1
46.75,46.75.11
46.75,46.75.12
46.76,46.76
46.76,46.76.1
46.76,46.76.11
46.76,46.76.12
46.76,46.76.13
46.76,46.76.19
46.77,46.77
46.77,46.77.1
46.77,46.77.10
46.9,46.9
46.90,46.90
46.90,46.90.1
46.90,46.90.10
47,47.0
47,47.00
47,47.00.1
47,47.00.11
47,47.00.12
47,47.00.13
47,47.00.14
47,47.00.15
47,47.00.16
47,47.00.17
47,47.00.18
47,47.00.19
47,47.00.2
47,47.00.21
47,47.00.22
47,47.00.23
47,47.00.24
47,47.00.25
47,47.00.26
47,47.00.27
47,47.00.3
47,47.00.31
47,47.00.32
47,47.00.33
47,47.00.4
47,47.00.41
47,47.00.42
47,47.00.43
47,47.00.44
47,47.00.45
47,47.00.46
47,47.00.47
47,47.00.49
47,47.00.5
47,47.00.51
47,47.00.52
47,47.00.53
47,47.00.54
47,47.00.55
47,47.00.56
47,47.00.57
47,47.00.58
47,47.00.59
47,47.00.6
47,47.00.61
47,47.00.62
47,47.00.63
47,47.00.64
47,47.00.65
47,47.00.66
47,47.00.67
47,47.00.68
47,47.00.69
47,47.00.7
47,47.00.71
47,47.00.72
47,47.00.73
47,47.00.74
47,47.00.75
47,47.00.76
47,47.00.77
47,47.00.78
47,47.00.79
47,47.00.8
47,47.00.81
47,47.00.82
47,47.00.83
47,47.00.84
47,47.00.85
47,47.00.86
47,47.00.87
47,47.00.88
47,47.00.89
47,47.00.9
47,47.00.91
47,47.00.92
47,47.00.99
49.1,49.1
49.10,49.10
49.10,49.10.1
49.10,49.10.11
49.10,49.10.19
49.2,49.2
49.20,49.20
49.20,49.20.1
49.20,49.20.11
49.20,49.20.12
49.20,49.20.13
49.20,49.20.14
49.20,49.20.15
49.20,49.20.16
49.20,49.20.19
49.3,49.3
49.31,49.31
49.31,49.31.1
49.31,49.31.10
49.31,49.31.2
49.31,49.31.21
49.31,49.31.22
49.32,49.32
49.32,49.32.1
49.32,49.32.11
49.32,49.32.12
49.39,49.39
49.39,49.39.1
49.39,49.39.11
49.39,49.39.12
49.39,49.39.13
49.39,49.39.2
49.39,49.39.20
49.39,49.39.3
49.39,49.39.31
49.39,49.39.32
49.39,49.39.33
49.39,49.39.34
49.39,49.39.35
49.39,49.39.39
49.4,49.4
49.41,49.41
49.41,49.41.1
49.41,49.41.11
49.41,49.41.12
49.41,49.41.13
49.41,49.41.14
49.41,49.41.15
49.41,49.41.16
49.41,49.41.17
49.41,49.41.18
49.41,49.41.19
49.41,49.41.2
49.41,49.41.20
49.42,49.42
49.42,49.42.1
49.42,49.42.11
49.42,49.42.19
49.5,49.5
49.50,49.50
49.50,49.50.1
49.50,49.50.11
49.50,49.50.12
49.50,49.50.19
50.1,50.1
50.10,50.10
50.10,50.10.1
50.10,50.10.11
50.10,50.10.12
50.10,50.10.19
50.10,50.10.2
50.10,50.10.20
50.2,50.2
50.20,50.20
50.20,50.20.1
50.20,50.20.11
50.20,50.20.12
50.20,50.20.13
50.20,50.20.14
50.20,50.20.15
50.20,50.20.19
50.20,50.20.2
50.20,50.20.21
50.20,50.20.22
50.3,50.3
50.30,50.30
50.30,50.30.1
50.30,50.30.11
50.30,50.30.12
50.30,50.30.13
50.30,50.30.19
50.30,50.30.2
50.30,50.30.20
50.4,50.4
50.40,50.40
50.40,50.40.1
50.40,50.40.11
50.40,50.40.12
50.40,50.40.13
50.40,50.40.14
50.40,50.40.19
50.40,50.40.2
50.40,50.40.21
50.40,50.40.22
51.1,51.1
51.10,51.10
51.10,51.10.1
51.10,51.10.11
51.10,51.10.12
51.10,51.10.13
51.10,51.10.14
51.10,51.10.15
51.10,51.10.2
51.10,51.10.20
51.2,51.2
51.21,51.21
51.21,51.21.1
51.21,51.21.11
51.21,51.21.12
51.21,51.21.13
51.21,51.21.14
51.21,51.21.2
51.21,51.21.20
51.22,51.22
51.22,51.22.1
51.22,51.22.11
51.22,51.22.12
52.1,52.1
52.10,52.10
52.10,52.10.1
52.10,52.10.11
52.10,52.10.12
52.10,52.10.13
52.10,52.10.19
52.2,52.2
52.21,52.21
52.21,52.21.1
52.21,52.21.11
52.21,52.21.19
52.21,52.21.2
52.21,52.21.21
52.21,52.21.22
52.21,52.21.23
52.21,52.21.24
52.21,52.21.25
52.21,52.21.29
52.21,52.21.3
52.21,52.21.30
52.22,52.22
52.22,52.22.1
52.22,52.22.11
52.22,52.22.12
52.22,52.22.13
52.22,52.22.14
52.22,52.22.15
52.22,52.22.16
52.22,52.22.19
52.23,52.23
52.23,52.23.1
52.23,52.23.11
52.23,52.23.12
52.23,52.23.19
52.23,52.23.2
52.23,52.23.20
52.24,52.24
52.24,52.24.1
52.24,52.24.11
52.24,52.24.12
52.24,52.24.13
52.24,52.24.19
52.29,52.29
52.29,52.29.1
52.29,52.29.11
52.29,52.29.12
52.29,52.29.19
52.29,52.29.2
52.29,52.29.20
53.1,53.1
53.10,53.10
53.10,53.10.1
53.10,53.10.11
53.10,53.10.12
53.10,53.10.13
53.10,53.10.14
53.10,53.10.19
53.2,53.2
53.20,53.20
53.20,53.20.1
53.20,53.20.11
53.20,53.20.12
53.20,53.20.19
55.1,55.1
55.10,55.10
55.10,55.10.1
55.10,55.10.10
55.2,55.2
55.20,55.20
55.20,55.20.1
55.20,55.20.11
55.20,55.20.12
55.20,55.20.19
55.3,55.3
55.30,55.30
55.30,55.30.1
55.30,55.30.11
55.30,55.30.12
55.9,55.9
55.90,55.90
55.90,55.90.1
55.90,55.90.11
55.90,55.90.12
55.90,55.90.13
55.90,55.90.19
56.1,56.1
56.10,56.10
56.10,56.10.1
56.10,56.10.11
56.10,56.10.12
56.10,56.10.13
56.10,56.10.19
56.2,56.2
56.21,56.21
56.21,56.21.1
56.21,56.21.11
56.21,56.21.19
56.29,56.29
56.29,56.29.1
56.29,56.29.11
56.29,56.29.19
56.29,56.29.2
56.29,56.29.20
56.3,56.3
56.30,56.30
56.30,56.30.1
56.30,56.30.10
58.1,58.1
58.11,58.11
58.11,58.11.1
58.11,58.11.11
58.11,58.11.12
58.11,58.11.13
58.11,58.11.14
58.11,58.11.15
58.11,58.11.16
58.11,58.11.19
58.11,58.11.2
58.11,58.11.20
58.11,58.11.3
58.11,58.11.30
58.11,58.11.4
58.11,58.11.41
58.11,58.11.42
58.11,58.11.5
58.11,58.11.50
58.11,58.11.6
58.11,58.11.60
58.12,58.12
58.12,58.12.1
58.12,58.12.10
58.12,58.12.2
58.12,58.12.20
58.12,58.12.3
58.12,58.12.30
58.12,58.12.4
58.12,58.12.40
58.13,58.13
58.13,58.13.1
58.13,58.13.10
58.13,58.13.2
58.13,58.13.20
58.13,58.13.3
58.13,58.13.31
58.13,58.13.32
58.14,58.14
58.14,58.14.1
58.14,58.14.11
58.14,58.14.12
58.14,58.14.19
58.14,58.14.2
58.14,58.14.20
58.14,58.14.3
58.14,58.14.31
58.14,58.14.32
58.14,58.14.4
58.14,58.14.40
58.19,58.19
58.19,58.19.1
58.19,58.19.11
58.19,58.19.12
58.19,58.19.13
58.19,58.19.14
58.19,58.19.15
58.19,58.19.19
58.19,58.19.2
58.19,58.19.21
58.19,58.19.29
58.19,58.19.3
58.19,58.19.30
58.2,58.2
58.21,58.21
58.21,58.21.1
58.21,58.21.10
58.21,58.21.2
58.21,58.21.20
58.21,58.21.3
58.21,58.21.30
58.21,58.21.4
58.21,58.21.40
58.29,58.29
58.29,58.29.1
58.29,58.29.11
58.29,58.29.12
58.29,58.29.13
58.29,58.29.14
58.29,58.29.2
58.29,58.29.21
58.29,58.29.29
58.29,58.29.3
58.29,58.29.31
58.29,58.29.32
58.29,58.29.4
58.29,58.29.40
58.29,58.29.5
58.29,58.29.50
59.1,59.1
59.11,59.11
59.11,59.11.1
59.11,59.11.11
59.11,59.11.12
59.11,59.11.13
59.11,59.11.2
59.11,59.11.21
59.11,59.11.22
59.11,59.11.23
59.11,59.11.24
59.11,59.11.25
59.11,59.11.3
59.11,59.11.30
59.12,59.12
59.12,59.12.1
59.12,59.12.11
59.12,59.12.12
59.12,59.12.13
59.12,59.12.14
59.12,59.12.15
59.12,59.12.16
59.12,59.12.17
59.12,59.12.19
59.13,59.13
59.13,59.13.1
59.13,59.13.11
59.13,59.13.12
59.14,59.14
59.14,59.14.1
59.14,59.14.10
59.2,59.2
59.20,59.20
59.20,59.20.1
59.20,59.20.11
59.20,59.20.12
59.20,59.20.13
59.20,59.20.2
59.20,59.20.21
59.20,59.20.22
59.20,59.20.3
59.20,59.20.31
59.20,59.20.32
59.20,59.20.33
59.20,59.20.34
59.20,59.20.35
59.20,59.20.36
59.20,59.20.4
59.20,59.20.40
60.1,60.1
60.10,60.10
60.10,60.10.1
60.10,60.10.11
60.10,60.10.12
60.10,60.10.2
60.10,60.10.20
60.10,60.10.3
60.10,60.10.30
60.2,60.2
60.20,60.20
60.20,60.20.1
60.20,60.20.11
60.20,60.20.12
60.20,60.20.13
60.20,60.20.2
60.20,60.20.20
60.20,60.20.3
60.20,60.20.30
61.1,61.1
61.10,61.10
61.10,61.10.1
61.10,61.10.11
61.10,61.10.12
61.10,61.10.13
61.10,61.10.2
61.10,61.10.20
61.10,61.10.3
61.10,61.10.30
61.10,61.10.4
61.10,61.10.41
61.10,61.10.42
61.10,61.10.43
61.10,61.10.49
61.10,61.10.5
61.10,61.10.51
61.10,61.10.52
61.10,61.10.53
61.2,61.2
61.20,61.20
61.20,61.20.1
61.20,61.20.11
61.20,61.20.12
61.20,61.20.13
61.20,61.20.14
61.20,61.20.2
61.20,61.20.20
61.20,61.20.3
61.20,61.20.30
61.20,61.20.4
61.20,61.20.41
61.20,61.20.42
61.20,61.20.49
61.20,61.20.5
61.20,61.20.50
61.3,61.3
61.30,61.30
61.30,61.30.1
61.30,61.30.10
61.30,61.30.2
61.30,61.30.20
61.9,61.9
61.90,61.90
61.90,61.90.1
61.90,61.90.10
62.0,62.0
62.01,62.01
62.01,62.01.1
62.01,62.01.11
62.01,62.01.12
62.01,62.01.2
62.01,62.01.21
62.01,62.01.29
62.02,62.02
62.02,62.02.1
62.02,62.02.10
62.02,62.02.2
62.02,62.02.20
62.02,62.02.3
62.02,62.02.30
62.03,62.03
62.03,62.03.1
62.03,62.03.11
62.03,62.03.12
62.09,62.09
62.09,62.09.1
62.09,62.09.10
62.09,62.09.2
62.09,62.09.20
63.1,63.1
63.11,63.11
63.11,63.11.1
63.11,63.11.11
63.11,63.11.12
63.11,63.11.13
63.11,63.11.19
63.11,63.11.2
63.11,63.11.20
63.12,63.12
63.12,63.12.1
63.12,63.12.10
63.12,63.12.2
63.12,63.12.20
63.9,63.9
63.91,63.91
63.91,63.91.1
63.91,63.91.11
63.91,63.91.12
63.99,63.99
63.99,63.99.1
63.99,63.99.10
63.99,63.99.2
63.99,63.99.20
64.1,64.1
64.11,64.11
64.11,64.11.1
64.11,64.11.10
64.19,64.19
64.19,64.19.1
64.19,64.19.11
64.19,64.19.12
64.19,64.19.2
64.19,64.19.21
64.19,64.19.22
64.19,64.19.23
64.19,64.19.24
64.19,64.19.25
64.19,64.19.26
64.19,64.19.29
64.19,64.19.3
64.19,64.19.30
64.2,64.2
64.20,64.20
64.20,64.20.1
64.20,64.20.10
64.3,64.3
64.30,64.30
64.30,64.30.1
64.30,64.30.10
64.9,64.9
64.91,64.91
64.91,64.91.1
64.91,64.91.10
64.92,64.92
64.92,64.92.1
64.92,64.92.11
64.92,64.92.12
64.92,64.92.13
64.92,64.92.14
64.92,64.92.15
64.92,64.92.16
64.92,64.92.19
64.99,64.99
64.99,64.99.1
64.99,64.99.11
64.99,64.99.19
65.1,65.1
65.11,65.11
65.11,65.11.1
65.11,65.11.10
65.12,65.12
65.12,65.12.1
65.12,65.12.11
65.12,65.12.12
65.12,65.12.2
65.12,65.12.21
65.12,65.12.29
65.12,65.12.3
65.12,65.12.31
65.12,65.12.32
65.12,65.12.33
65.12,65.12.34
65.12,65.12.35
65.12,65.12.36
65.12,65.12.4
65.12,65.12.41
65.12,65.12.49
65.12,65.12.5
65.12,65.12.50
65.12,65.12.6
65.12,65.12.61
65.12,65.12.62
65.12,65.12.7
65.12,65.12.71
65.12,65.12.72
65.12,65.12.73
65.12,65.12.9
65.12,65.12.90
65.2,65.2
65.20,65.20
65.20,65.20.1
65.20,65.20.11
65.20,65.20.12
65.20,65.20.13
65.20,65.20.2
65.20,65.20.21
65.20,65.20.22
65.20,65.20.23
65.20,65.20.24
65.20,65.20.25
65.20,65.20.3
65.20,65.20.31
65.20,65.20.32
65.20,65.20.4
65.20,65.20.41
65.20,65.20.42
65.20,65.20.5
65.20,65.20.50
65.20,65.20.6
65.20,65.20.60
65.3,65.3
65.30,65.30
65.30,65.30.1
65.30,65.30.11
65.30,65.30.12
66.1,66.1
66.11,66.11
66.11,66.11.1
66.11,66.11.11
66.11,66.11.12
66.11,66.11.19
66.12,66.12
66.12,66.12.1
66.12,66.12.11
66.12,66.12.12
66.12,66.12.13
66.19,66.19
66.19,66.19.1
66.19,66.19.10
66.19,66.19.2
66.19,66.19.21
66.19,66.19.22
66.19,66.19.29
66.19,66.19.3
66.19,66.19.31
66.19,66.19.32
66.19,66.19.9
66.19,66.19.91
66.19,66.19.92
66.19,66.19.99
66.2,66.2
66.21,66.21
66.21,66.21.1
66.21,66.21.10
66.22,66.22
66.22,66.22.1
66.22,66.22.10
66.29,66.29
66.29,66.29.1
66.29,66.29.11
66.29,66.29.19
66.3,66.3
66.30,66.30
66.30,66.30.1
66.30,66.30.11
66.30,66.30.12
68.1,68.1
68.10,68.10
68.10,68.10.1
68.10,68.10.11
68.10,68.10.12
68.10,68.10.13
68.10,68.10.14
68.10,68.10.15
68.2,68.2
68.20,68.20
68.20,68.20.1
68.20,68.20.11
68.20,68.20.12
68.3,68.3
68.31,68.31
68.31,68.31.1
68.31,68.31.11
68.31,68.31.12
68.31,68.31.13
68.31,68.31.14
68.31,68.31.15
68.31,68.31.16
68.32,68.32
68.32,68.32.1
68.32,68.32.11
68.32,68.32.12
68.32,68.32.13
69.1,69.1
69.10,69.10
69.10,69.10.1
69.10,69.10.11
69.10,69.10.12
69.10,69.10.13
69.10,69.10.14
69.10,69.10.15
69.10,69.10.16
69.10,69.10.17
69.10,69.10.18
69.10,69.10.19
69.2,69.2
69.20,69.20
69.20,69.20.1
69.20,69.20.10
69.20,69.20.2
69.20,69.20.21
69.20,69.20.22
69.20,69.20.23
69.20,69.20.24
69.20,69.20.29
69.20,69.20.3
69.20,69.20.31
69.20,69.20.32
69.20,69.20.4
69.20,69.20.40
70.1,70.1
70.10,70.10
70.10,70.10.1
70.10,70.10.10
70.2,70.2
70.21,70.21
70.21,70.21.1
70.21,70.21.10
70.22,70.22
70.22,70.22.1
70.22,70.22.11
70.22,70.22.12
70.22,70.22.13
70.22,70.22.14
70.22,70.22.15
70.22,70.22.16
70.22,70.22.17
70.22,70.22.2
70.22,70.22.20
70.22,70.22.3
70.22,70.22.30
71.1,71.1
71.11,71.11
71.11,71.11.1
71.11,71.11.10
71.11,71.11.2
71.11,71.11.21
71.11,71.11.22
71.11,71.11.23
71.11,71.11.24
71.11,71.11.3
71.11,71.11.31
71.11,71.11.32
71.11,71.11.33
71.11,71.11.4
71.11,71.11.41
71.11,71.11.42
71.12,71.12
71.12,71.12.1
71.12,71.12.11
71.12,71.12.12
71.12,71.12.13
71.12,71.12.14
71.12,71.12.15
71.12,71.12.16
71.12,71.12.17
71.12,71.12.18
71.12,71.12.19
71.12,71.12.2
71.12,71.12.20
71.12,71.12.3
71.12,71.12.31
71.12,71.12.32
71.12,71.12.33
71.12,71.12.34
71.12,71.12.35
71.2,71.2
71.20,71.20
71.20,71.20.1
71.20,71.20.11
71.20,71.20.12
71.20,71.20.13
71.20,71.20.14
71.20,71.20.19
72,72.0
72,72.00
72,72.00.1
72,72.00.11
72,72.00.12
72,72.00.13
72,72.00.2
72,72.00.20
72.1,72.1
72.11,72.11
72.11,72.11.1
72.11,72.11.11
72.11,72.11.12
72.11,72.11.13
72.11,72.11.2
72.11,72.11.21
72.11,72.11.22
72.11,72.11.23
72.11,72.11.3
72.11,72.11.31
72.11,72.11.32
72.11,72.11.33
72.11,72.11.4
72.11,72.11.40
72.19,72.19
72.19,72.19.1
72.19,72.19.11
72.19,72.19.12
72.19,72.19.13
72.19,72.19.2
72.19,72.19.21
72.19,72.19.22
72.19,72.19.23
72.19,72.19.3
72.19,72.19.31
72.19,72.19.32
72.19,72.19.33
72.19,72.19.4
72.19,72.19.41
72.19,72.19.42
72.19,72.19.43
72.19,72.19.5
72.19,72.19.51
72.19,72.19.52
72.19,72.19.53
72.19,72.19.6
72.19,72.19.61
72.19,72.19.62
72.19,72.19.63
72.19,72.19.7
72.19,72.19.70
72.2,72.2
72.20,72.20
72.20,72.20.1
72.20,72.20.11
72.20,72.20.12
72.20,72.20.13
72.20,72.20.2
72.20,72.20.21
72.20,72.20.22
72.20,72.20.23
72.20,72.20.3
72.20,72.20.31
72.20,72.20.32
72.20,72.20.33
72.20,72.20.4
72.20,72.20.41
72.20,72.20.42
72.20,72.20.43
72.20,72.20.5
72.20,72.20.51
72.20,72.20.52
72.20,72.20.53
72.20,72.20.6
72.20,72.20.60
73.1,73.1
73.11,73.11
73.11,73.11.1
73.11,73.11.11
73.11,73.11.12
73.11,73.11.13
73.11,73.11.19
73.12,73.12
73.12,73.12.1
73.12,73.12.11
73.12,73.12.12
73.12,73.12.13
73.12,73.12.14
73.12,73.12.19
73.12,73.12.2
73.12,73.12.20
73.2,73.2
73.20,73.20
73.20,73.20.1
73.20,73.20.11
73.20,73.20.12
73.20,73.20.13
73.20,73.20.14
73.20,73.20.19
73.20,73.20.2
73.20,73.20.20
74.1,74.1
74.10,74.10
74.10,74.10.1
74.10,74.10.11
74.10,74.10.12
74.10,74.10.19
74.10,74.10.2
74.10,74.10.20
74.2,74.2
74.20,74.20
74.20,74.20.1
74.20,74.20.11
74.20,74.20.12
74.20,74.20.19
74.20,74.20.2
74.20,74.20.21
74.20,74.20.22
74.20,74.20.23
74.20,74.20.24
74.20,74.20.29
74.20,74.20.3
74.20,74.20.31
74.20,74.20.32
74.20,74.20.39
74.3,74.3
74.30,74.30
74.30,74.30.1
74.30,74.30.11
74.30,74.30.12
74.9,74.9
74.90,74.90
74.90,74.90.1
74.90,74.90.11
74.90,74.90.12
74.90,74.90.13
74.90,74.90.14
74.90,74.90.15
74.90,74.90.19
74.90,74.90.2
74.90,74.90.20
75.0,75.0
75.00,75.00
75.00,75.00.1
75.00,75.00.11
75.00,75.00.12
75.00,75.00.19
77.1,77.1
77.11,77.11
77.11,77.11.1
77.11,77.11.10
77.12,77.12
77.12,77.12.1
77.12,77.12.11
77.12,77.12.19
77.2,77.2
77.21,77.21
77.21,77.21.1
77.21,77.21.10
77.22,77.22
77.22,77.22.1
77.22,77.22.10
77.29,77.29
77.29,77.29.1
77.29,77.29.11
77.29,77.29.12
77.29,77.29.13
77.29,77.29.14
77.29,77.29.15
77.29,77.29.16
77.29,77.29.19
77.3,77.3
77.31,77.31
77.31,77.31.1
77.31,77.31.10
77.32,77.32
77.32,77.32.1
77.32,77.32.10
77.33,77.33
77.33,77.33.1
77.33,77.33.11
77.33,77.33.12
77.34,77.34
77.34,77.34.1
77.34,77.34.10
77.35,77.35
77.35,77.35.1
77.35,77.35.10
77.39,77.39
77.39,77.39.1
77.39,77.39.11
77.39,77.39.12
77.39,77.39.13
77.39,77.39.14
77.39,77.39.19
77.4,77.4
77.40,77.40
77.40,77.40.1
77.40,77.40.11
77.40,77.40.12
77.40,77.40.13
77.40,77.40.14
77.40,77.40.19
78.1,78.1
78.10,78.10
78.10,78.10.1
78.10,78.10.11
78.10,78.10.12
78.2,78.2
78.20,78.20
78.20,78.20.1
78.20,78.20.11
78.20,78.20.12
78.20,78.20.13
78.20,78.20.14
78.20,78.20.15
78.20,78.20.16
78.20,78.20.19
78.3,78.3
78.30,78.30
78.30,78.30.1
78.30,78.30.11
78.30,78.30.12
78.30,78.30.13
78.30,78.30.14
78.30,78.30.15
78.30,78.30.16
78.30,78.30.19
79.1,79.1
79.11,79.11
79.11,79.11.1
79.11,79.11.11
79.11,79.11.12
79.11,79.11.13
79.11,79.11.14
79.11,79.11.19
79.11,79.11.2
79.11,79.11.21
79.11,79.11.22
79.11,79.11.23
79.12,79.12
79.12,79.12.1
79.12,79.12.11
79.12,79.12.12
79.9,79.9
79.90,79.90
79.90,79.90.1
79.90,79.90.11
79.90,79.90.12
79.90,79.90.2
79.90,79.90.20
79.90,79.90.3
79.90,79.90.31
79.90,79.90.32
79.90,79.90.39
80.1,80.1
80.10,80.10
80.10,80.10.1
80.10,80.10.11
80.10,80.10.12
80.10,80.10.19
80.2,80.2
80.20,80.20
80.20,80.20.1
80.20,80.20.10
80.3,80.3
80.30,80.30
80.30,80.30.1
80.30,80.30.10
81.1,81.1
81.10,81.10
81.10,81.10.1
81.10,81.10.10
81.2,81.2
81.21,81.21
81.21,81.21.1
81.21,81.21.11
81.21,81.21.12
81.22,81.22
81.22,81.22.1
81.22,81.22.11
81.22,81.22.12
81.22,81.22.13
81.29,81.29
81.29,81.29.1
81.29,81.29.11
81.29,81.29.12
81.29,81.29.13
81.29,81.29.19
81.3,81.3
81.30,81.30
81.30,81.30.1
81.30,81.30.11
81.30,81.30.12
82.1,82.1
82.11,82.11
82.11,82.11.1
82.11,82.11.10
82.19,82.19
82.19,82.19.1
82.19,82.19.11
82.19,82.19.12
82.19,82.19.13
82.2,82.2
82.20,82.20
82.20,82.20.1
82.20,82.20.10
82.3,82.3
82.30,82.30
82.30,82.30.1
82.30,82.30.11
82.30,82.30.12
82.9,82.9
82.91,82.91
82.91,82.91.1
82.91,82.91.11
82.91,82.91.12
82.92,82.92
82.92,82.92.1
82.92,82.92.10
82.99,82.99
82.99,82.99.1
82.99,82.99.11
82.99,82.99.12
82.99,82.99.19
84.1,84.1
84.11,84.11
84.11,84.11.1
84.11,84.11.11
84.11,84.11.12
84.11,84.11.13
84.11,84.11.14
84.11,84.11.19
84.11,84.11.2
84.11,84.11.21
84.11,84.11.29
84.12,84.12
84.12,84.12.1
84.12,84.12.11
84.12,84.12.12
84.12,84.12.13
84.12,84.12.14
84.13,84.13
84.13,84.13.1
84.13,84.13.11
84.13,84.13.12
84.13,84.13.13
84.13,84.13.14
84.13,84.13.15
84.13,84.13.16
84.13,84.13.17
84.13,84.13.18
84.2,84.2
84.21,84.21
84.21,84.21.1
84.21,84.21.11
84.21,84.21.12
84.21,84.21.13
84.22,84.22
84.22,84.22.1
84.22,84.22.11
84.22,84.22.12
84.23,84.23
84.23,84.23.1
84.23,84.23.11
84.23,84.23.12
84.24,84.24
84.24,84.24.1
84.24,84.24.11
84.24,84.24.19
84.25,84.25
84.25,84.25.1
84.25,84.25.11
84.25,84.25.19
84.3,84.3
84.30,84.30
84.30,84.30.1
84.30,84.30.11
84.30,84.30.12
84.30,84.30.13
84.30,84.30.14
85.1,85.1
85.10,85.10
85.10,85.10.1
85.10,85.10.10
85.2,85.2
85.20,85.20
85.20,85.20.1
85.20,85.20.11
85.20,85.20.12
85.3,85.3
85.31,85.31
85.31,85.31.1
85.31,85.31.11
85.31,85.31.12
85.31,85.31.2
85.31,85.31.21
85.31,85.31.22
85.32,85.32
85.32,85.32.1
85.32,85.32.11
85.32,85.32.12
85.32,85.32.2
85.32,85.32.21
85.32,85.32.22
85.4,85.4
85.41,85.41
85.41,85.41.1
85.41,85.41.11
85.41,85.41.12
85.41,85.41.13
85.41,85.41.14
85.42,85.42
85.42,85.42.1
85.42,85.42.11
85.42,85.42.12
85.42,85.42.2
85.42,85.42.21
85.42,85.42.22
85.42,85.42.3
85.42,85.42.31
85.42,85.42.32
85.42,85.42.4
85.42,85.42.41
85.42,85.42.42
85.5,85.5
85.51,85.51
85.51,85.51.1
85.51,85.51.10
85.52,85.52
85.52,85.52.1
85.52,85.52.11
85.52,85.52.12
85.52,85.52.13
85.52,85.52.19
85.53,85.53
85.53,85.53.1
85.53,85.53.11
85.53,85.53.12
85.59,85.59
85.59,85.59.1
85.59,85.59.11
85.59,85.59.12
85.59,85.59.13
85.59,85.59.14
85.59,85.59.19
85.6,85.6
85.60,85.60
85.60,85.60.1
85.60,85.60.10
86.1,86.1
86.10,86.10
86.10,86.10.1
86.10,86.10.11
86.10,86.10.12
86.10,86.10.13
86.10,86.10.14
86.10,86.10.15
86.10,86.10.19
86.2,86.2
86.21,86.21
86.21,86.21.1
86.21,86.21.10
86.22,86.22
86.22,86.22.1
86.22,86.22.11
86.22,86.22.19
86.23,86.23
86.23,86.23.1
86.23,86.23.11
86.23,86.23.19
86.9,86.9
86.90,86.90
86.90,86.90.1
86.90,86.90.11
86.90,86.90.12
86.90,86.90.13
86.90,86.90.14
86.90,86.90.15
86.90,86.90.16
86.90,86.90.17
86.90,86.90.18
86.90,86.90.19
87.1,87.1
87.10,87.10
87.10,87.10.1
87.10,87.10.10
87.2,87.2
87.20,87.20
87.20,87.20.1
87.20,87.20.11
87.20,87.20.12
87.3,87.3
87.30,87.30
87.30,87.30.1
87.30,87.30.11
87.30,87.30.12
87.30,87.30.13
87.9,87.9
87.90,87.90
87.90,87.90.1
87.90,87.90.11
87.90,87.90.12
87.90,87.90.13
88.1,88.1
88.10,88.10
88.10,88.10.1
88.10,88.10.11
88.10,88.10.12
88.10,88.10.13
88.10,88.10.14
88.10,88.10.15
88.9,88.9
88.91,88.91
88.91,88.91.1
88.91,88.91.11
88.91,88.91.12
88.91,88.91.13
88.99,88.99
88.99,88.99.1
88.99,88.99.11
88.99,88.99.12
88.99,88.99.13
88.99,88.99.19
90.0,90.0
90.01,90.01
90.01,90.01.1
90.01,90.01.10
90.02,90.02
90.02,90.02.1
90.02,90.02.11
90.02,90.02.12
90.02,90.02.19
90.03,90.03
90.03,90.03.1
90.03,90.03.11
90.03,90.03.12
90.03,90.03.13
90.04,90.04
90.04,90.04.1
90.04,90.04.10
91.0,91.0
91.01,91.01
91.01,91.01.1
91.01,91.01.11
91.01,91.01.12
91.02,91.02
91.02,91.02.1
91.02,91.02.10
91.02,91.02.2
91.02,91.02.20
91.03,91.03
91.03,91.03.1
91.03,91.03.10
91.04,91.04
91.04,91.04.1
91.04,91.04.11
91.04,91.04.12
92.0,92.0
92.00,92.00
92.00,92.00.1
92.00,92.00.11
92.00,92.00.12
92.00,92.00.13
92.00,92.00.14
92.00,92.00.19
92.00,92.00.2
92.00,92.00.21
92.00,92.00.29
93.1,93.1
93.11,93.11
93.11,93.11.1
93.11,93.11.10
93.12,93.12
93.12,93.12.1
93.12,93.12.10
93.13,93.13
93.13,93.13.1
93.13,93.13.10
93.19,93.19
93.19,93.19.1
93.19,93.19.11
93.19,93.19.12
93.19,93.19.13
93.19,93.19.19
93.2,93.2
93.21,93.21
93.21,93.21.1
93.21,93.21.10
93.29,93.29
93.29,93.29.1
93.29,93.29.11
93.29,93.29.19
93.29,93.29.2
93.29,93.29.21
93.29,93.29.22
93.29,93.29.29
94.1,94.1
94.11,94.11
94.11,94.11.1
94.11,94.11.10
94.12,94.12
94.12,94.12.1
94.12,94.12.10
94.2,94.2
94.20,94.20
94.20,94.20.1
94.20,94.20.10
94.9,94.9
94.91,94.91
94.91,94.91.1
94.91,94.91.10
94.92,94.92
94.92,94.92.1
94.92,94.92.10
94.99,94.99
94.99,94.99.1
94.99,94.99.11
94.99,94.99.12
94.99,94.99.13
94.99,94.99.14
94.99,94.99.15
94.99,94.99.16
94.99,94.99.17
94.99,94.99.19
94.99,94.99.2
94.99,94.99.20
95.1,95.1
95.11,95.11
95.11,95.11.1
95.11,95.11.10
95.12,95.12
95.12,95.12.1
95.12,95.12.10
95.2,95.2
95.21,95.21
95.21,95.21.1
95.21,95.21.10
95.22,95.22
95.22,95.22.1
95.22,95.22.10
95.23,95.23
95.23,95.23.1
95.23,95.23.10
95.24,95.24
95.24,95.24.1
95.24,95.24.10
95.25,95.25
95.25,95.25.1
95.25,95.25.11
95.25,95.25.12
95.29,95.29
95.29,95.29.1
95.29,95.29.11
95.29,95.29.12
95.29,95.29.13
95.29,95.29.14
95.29,95.29.19
96.0,96.0
96.01,96.01
96.01,96.01.1
96.01,96.01.11
96.01,96.01.12
96.01,96.01.13
96.01,96.01.14
96.01,96.01.15
96.01,96.01.19
96.02,96.02
96.02,96.02.1
96.02,96.02.11
96.02,96.02.12
96.02,96.02.13
96.02,96.02.14
96.02,96.02.19
96.02,96.02.2
96.02,96.02.20
96.03,96.03
96.03,96.03.1
96.03,96.03.11
96.03,96.03.12
96.04,96.04
96.04,96.04.1
96.04,96.04.10
96.09,96.09
96.09,96.09.1
96.09,96.09.11
96.09,96.09.12
96.09,96.09.13
96.09,96.09.19
97.0,97.0
97.00,97.00
97.00,97.00.1
97.00,97.00.11
97.00,97.00.12
97.00,97.00.13
97.00,97.00.14
97.00,97.00.19
98.1,98.1
98.10,98.10
98.10,98.10.1
98.10,98.10.10
98.2,98.2
98.20,98.20
98.20,98.20.1
98.20,98.20.10
99.0,99.0
99.00,99.00
99.00,99.00.1
99.00,99.00.10
A,A
B,B
C,C
D,D
E,E
F,F
G,G
H,H
I,I
J,J
K,K
L,L
M,M
N,N
O,O
P,P
Q,Q
R,R
S,S
T,T
U,U
